{"status":"0","category":[{"loc":0,"new":"0","subtitle":"快递 物流 服务热线","id":10004,"icon":"https:\/\/s.dianhua.cn\/cmenu\/icons\/yulore\/category\/icon_express.png","act":{"type":"yulore\/categorylist","action":"yulore.view","data":"cat_id=10004"},"hot":1,"name":"快递物流","pid":"-1"},{"loc":0,"new":"0","subtitle":"快递 物流 服务热线","id":20016,"icon":"https:\/\/s.dianhua.cn\/cmenu\/icons\/category\/c20016.png","act":{"type":"yulore\/categorylist","action":"yulore.view","data":"city_id=2&cat_id=20016"},"hot":0,"name":"985高校","pid":"-3"},{"loc":0,"new":"0","subtitle":"快递 物流 服务热线","id":20017,"icon":"https:\/\/s.dianhua.cn\/cmenu\/icons\/category\/c20017.png","act":{"type":"yulore\/categorylist","action":"yulore.view","data":"city_id=2&cat_id=20017"},"hot":0,"name":"211院校","pid":"-3"},{"loc":"0","new":"0","subtitle":"快递 物流 服务热线","id":"122","icon":"https:\/\/s.dianhua.cn\/cmenu\/icons\/yulore\/category\/icon_express.png","act":{"type":"yulore\/categorylist","action":"yulore.view","data":"cat_id=10004"},"hot":0,"name":"快递热线","pid":"4"},{"loc":"0","new":"0","subtitle":"快递 物流 服务热线","id":"427","icon":"https:\/\/s.dianhua.cn\/cmenu\/icons\/yulore\/category\/icon_express.png","act":{"type":"yulore\/categorylist","action":"yulore.view","data":"cat_id=10004"},"hot":0,"name":"物流热线","pid":"4"},{"loc":0,"new":"2","subtitle":"高考攻略 招生电话","id":10016,"icon":"https:\/\/s.dianhua.cn\/cmenu\/icons\/yulore\/category\/icon_college.png","act":{"type":"yulore\/categorylist","action":"yulore.view","data":"cat_id=10016"},"hot":1,"name":"高考","pid":"-1"},{"loc":"0","new":"0","subtitle":"附近美食 优惠券","id":"119","icon":"https:\/\/s.dianhua.cn\/cmenu\/icons\/yulore\/category\/icon_food.png","act":{"type":"yulore\/categorylist","action":"yulore.view","data":"cat_id=119"},"hot":1,"name":"美食外卖","pid":"4"},{"loc":0,"new":"0","subtitle":"咖啡 电影 KTV","id":10014,"icon":"https:\/\/s.dianhua.cn\/cmenu\/icons\/yulore\/category\/icon_entertainmenticon.png","act":{"type":"yulore\/categorylist","action":"yulore.view","data":"city_id=2&cat_id=10014"},"hot":1,"name":"休闲娱乐","pid":"-1"},{"loc":0,"new":"0","subtitle":"咖啡 电影 KTV","id":20003,"icon":"https:\/\/s.dianhua.cn\/cmenu\/icons\/category\/c20003.png","act":{"type":"yulore\/categorylist","action":"yulore.view","data":"city_id=2&cat_id=20003"},"hot":0,"name":"咖啡厅","pid":"-3"},{"loc":0,"new":"0","subtitle":"咖啡 电影 KTV","id":20004,"icon":"https:\/\/s.dianhua.cn\/cmenu\/icons\/category\/c20004.png","act":{"type":"yulore\/categorylist","action":"yulore.view","data":"city_id=2&cat_id=20004"},"hot":0,"name":"KTV","pid":"-3"},{"loc":0,"new":"0","subtitle":"咖啡 电影 KTV","id":20005,"icon":"https:\/\/s.dianhua.cn\/cmenu\/icons\/category\/c20005.png","act":{"type":"yulore\/categorylist","action":"yulore.view","data":"city_id=2&cat_id=20005"},"hot":0,"name":"电影院","pid":"-3"},{"loc":0,"new":"0","subtitle":"预订 附近酒店 热线","id":10003,"icon":"https:\/\/s.dianhua.cn\/cmenu\/icons\/yulore\/category\/icon_hotel.png","act":{"type":"yulore\/categorylist","action":"yulore.view","data":"city_id=2&cat_id=10003"},"hot":1,"name":"酒店","pid":"-1"},{"loc":"0","new":"0","subtitle":"预订 附近酒店 热线","id":"120","icon":"https:\/\/s.dianhua.cn\/cmenu\/icons\/yulore\/category\/icon_hotel.png","act":{"type":"yulore\/categorylist","action":"yulore.view","data":"city_id=2&cat_id=120"},"hot":0,"name":"酒店预订平台","pid":"4"},{"loc":"0","new":"0","subtitle":"预订 附近酒店 热线","id":"124","icon":"https:\/\/s.dianhua.cn\/cmenu\/icons\/yulore\/category\/icon_hotel.png","act":{"type":"yulore\/categorylist","action":"yulore.view","data":"city_id=2&cat_id=124"},"hot":0,"name":"经济连锁酒店","pid":"4"},{"loc":"0","new":"0","subtitle":"预订 附近酒店 热线","id":"125","icon":"https:\/\/s.dianhua.cn\/cmenu\/icons\/yulore\/category\/icon_hotel.png","act":{"type":"yulore\/categorylist","action":"yulore.view","data":"city_id=2&cat_id=125"},"hot":0,"name":"高端连锁酒店","pid":"4"},{"loc":"0","new":"0","subtitle":"附近银行 客户中心","id":"123","icon":"https:\/\/s.dianhua.cn\/cmenu\/icons\/yulore\/category\/icon_bank.png","act":{"type":"yulore\/categorylist","action":"yulore.view","data":"city_id=2&cat_id=123"},"hot":1,"name":"银行","pid":"4"},{"loc":0,"new":"0","subtitle":"租车 代驾 服务热线","id":10005,"icon":"https:\/\/s.dianhua.cn\/cmenu\/icons\/yulore\/category\/icon_driving.png","act":{"type":"yulore\/categorylist","action":"yulore.view","data":"city_id=2&cat_id=10005"},"hot":1,"name":"代驾租车","pid":"-1"},{"loc":"0","new":"0","subtitle":"租车 代驾 服务热线","id":"126","icon":"https:\/\/s.dianhua.cn\/cmenu\/icons\/yulore\/category\/icon_driving.png","act":{"type":"yulore\/categorylist","action":"yulore.view","data":"city_id=2&cat_id=126"},"hot":0,"name":"租车服务","pid":"4"},{"loc":"0","new":"0","subtitle":"租车 代驾 服务热线","id":"133","icon":"https:\/\/s.dianhua.cn\/cmenu\/icons\/yulore\/category\/icon_driving.png","act":{"type":"yulore\/categorylist","action":"yulore.view","data":"city_id=2&cat_id=133"},"hot":0,"name":"代驾服务","pid":"4"},{"loc":0,"new":"2","subtitle":"火车 航班 高铁","id":10012,"icon":"https:\/\/s.dianhua.cn\/cmenu\/icons\/yulore\/category\/icon_ticket.png","act":{"type":"yulore\/categorylist","action":"yulore.view","data":"city_id=2&cat_id=10012"},"hot":1,"name":"出行购票","pid":"-1"},{"loc":0,"new":"0","subtitle":"火车 航班 高铁","id":20001,"icon":"https:\/\/s.dianhua.cn\/cmenu\/icons\/category\/c20001.png","act":{"type":"yulore\/categorylist","action":"yulore.view","data":"city_id=2&cat_id=20001"},"hot":0,"name":"火车票","pid":"-3"},{"loc":"0","new":"2","subtitle":"火车 航班 高铁","id":"136","icon":"https:\/\/s.dianhua.cn\/cmenu\/icons\/yulore\/category\/icon_ticket.png","act":{"type":"yulore\/categorylist","action":"yulore.view","data":"city_id=2&cat_id=136"},"hot":0,"name":"航空客服","pid":"4"},{"loc":0,"new":"0","subtitle":"寿险 车险 证券","id":10001,"icon":"https:\/\/s.dianhua.cn\/cmenu\/icons\/yulore\/category\/icon_Insurance.png","act":{"type":"yulore\/categorylist","action":"yulore.view","data":"city_id=2&cat_id=10001"},"hot":1,"name":"保险证券","pid":"-1"},{"loc":"0","new":"0","subtitle":"寿险 车险 证券","id":"128","icon":"https:\/\/s.dianhua.cn\/cmenu\/icons\/yulore\/category\/icon_Insurance.png","act":{"type":"yulore\/categorylist","action":"yulore.view","data":"city_id=2&cat_id=128"},"hot":0,"name":"保险热线","pid":"4"},{"loc":"0","new":"0","subtitle":"寿险 车险 证券","id":"130","icon":"https:\/\/s.dianhua.cn\/cmenu\/icons\/yulore\/category\/icon_Insurance.png","act":{"type":"yulore\/categorylist","action":"yulore.view","data":"city_id=2&cat_id=130"},"hot":0,"name":"证券热线","pid":"4"},{"loc":0,"new":"0","subtitle":"网游 手游 充值","id":10007,"icon":"https:\/\/s.dianhua.cn\/cmenu\/icons\/yulore\/category\/icon_game.png","act":{"type":"yulore\/categorylist","action":"yulore.view","data":"city_id=2&cat_id=10007"},"hot":1,"name":"游戏","pid":"-1"},{"loc":"0","new":"0","subtitle":"网游 手游 充值","id":"17","icon":"https:\/\/s.dianhua.cn\/cmenu\/icons\/yulore\/category\/icon_game.png","act":{"type":"yulore\/categorylist","action":"yulore.view","data":"city_id=2&cat_id=17"},"hot":0,"name":"游戏平台","pid":"4"},{"loc":"0","new":"0","subtitle":"网游 手游 充值","id":"20","icon":"https:\/\/s.dianhua.cn\/cmenu\/icons\/yulore\/category\/icon_game.png","act":{"type":"yulore\/categorylist","action":"yulore.view","data":"city_id=2&cat_id=20"},"hot":0,"name":"网络游戏","pid":"4"},{"loc":"1","new":"0","subtitle":"网游 手游 充值","id":"184","icon":"https:\/\/s.dianhua.cn\/cmenu\/icons\/yulore\/category\/icon_game.png","act":{"type":"yulore\/categorylist","action":"yulore.view","data":"city_id=2&cat_id=184"},"hot":0,"name":"手游","pid":"4"},{"loc":0,"new":"0","subtitle":"家电 数码 服务","id":10002,"icon":"https:\/\/s.dianhua.cn\/cmenu\/icons\/yulore\/category\/icon_brand.png","act":{"type":"yulore\/categorylist","action":"yulore.view","data":"city_id=2&cat_id=10002"},"hot":1,"name":"品牌售后","pid":"-1"},{"loc":"0","new":"0","subtitle":"家电 数码 服务","id":"1524","icon":"https:\/\/s.dianhua.cn\/cmenu\/icons\/yulore\/category\/icon_brand.png","act":{"type":"yulore\/categorylist","action":"yulore.view","data":"city_id=2&cat_id=1524"},"hot":0,"name":"手机数码","pid":"4"},{"loc":"0","new":"0","subtitle":"家电 数码 服务","id":"592","icon":"https:\/\/s.dianhua.cn\/cmenu\/icons\/yulore\/category\/icon_brand.png","act":{"type":"yulore\/categorylist","action":"yulore.view","data":"city_id=2&cat_id=592"},"hot":0,"name":"家用电器","pid":"4"},{"loc":0,"new":"0","subtitle":"预约挂号 附近药店","id":10013,"icon":"https:\/\/s.dianhua.cn\/cmenu\/icons\/yulore\/category\/icon_health.png","act":{"type":"yulore\/categorylist","action":"yulore.view","data":"city_id=2&cat_id=10013"},"hot":1,"name":"医疗健康","pid":"-1"},{"loc":0,"new":"0","subtitle":"预约挂号 附近药店","id":20002,"icon":"https:\/\/s.dianhua.cn\/cmenu\/icons\/category\/c20002.png","act":{"type":"yulore\/categorylist","action":"yulore.view","data":"city_id=2&cat_id=20002"},"hot":0,"name":"急救电话","pid":"-3"},{"loc":"0","new":"0","subtitle":"电商官网 客服热线","id":"132","icon":"https:\/\/s.dianhua.cn\/cmenu\/icons\/yulore\/category\/icon_appliance.png","act":{"type":"yulore\/categorylist","action":"yulore.view","data":"city_id=2&cat_id=132"},"hot":1,"name":"电商购物","pid":"4"},{"loc":"0","new":"0","subtitle":"违章查询 摇号 4S店","id":"108","icon":"https:\/\/s.dianhua.cn\/cmenu\/icons\/yulore\/category\/icon_car.png","act":{"type":"yulore\/categorylist","action":"yulore.view","data":"city_id=2&cat_id=108"},"hot":1,"name":"汽车品牌","pid":"4"},{"loc":0,"new":"0","subtitle":"求助 投诉 报警","id":10006,"icon":"https:\/\/s.dianhua.cn\/cmenu\/icons\/yulore\/category\/icon_hot_line.png","act":{"type":"yulore\/categorylist","action":"yulore.view","data":"city_id=2&cat_id=10006"},"hot":1,"name":"公共热线","pid":"-1"},{"loc":"0","new":"0","subtitle":"求助 投诉 报警","id":"131","icon":"https:\/\/s.dianhua.cn\/cmenu\/icons\/yulore\/category\/icon_hot_line.png","act":{"type":"yulore\/categorylist","action":"yulore.view","data":"city_id=2&cat_id=131"},"hot":0,"name":"运营商","pid":"4"},{"loc":"0","new":"0","subtitle":"求助 投诉 报警","id":"129","icon":"https:\/\/s.dianhua.cn\/cmenu\/icons\/yulore\/category\/icon_hot_line.png","act":{"type":"yulore\/categorylist","action":"yulore.view","data":"city_id=2&cat_id=129"},"hot":0,"name":"报警求助","pid":"4"},{"loc":"0","new":"0","subtitle":"求助 投诉 报警","id":"134","icon":"https:\/\/s.dianhua.cn\/cmenu\/icons\/yulore\/category\/icon_hot_line.png","act":{"type":"yulore\/categorylist","action":"yulore.view","data":"city_id=2&cat_id=134"},"hot":0,"name":"投诉举报","pid":"4"},{"loc":0,"icon":"https:\/\/s.dianhua.cn\/cmenu\/icons\/category\/c4.png","act":{"type":"yulore\/categorylist","action":"yulore.view","data":"city_id=2&cat_id=4"},"id":4,"hot":0,"name":"热线电话","pid":0},{"loc":"1","new":"0","icon":"https:\/\/s.dianhua.cn\/cmenu\/icons\/category\/c8.png","id":"8","act":{"type":"yulore\/categorylist","action":"yulore.view","data":"city_id=2&cat_id=8"},"hot":0,"name":"结婚丽人","pid":0},{"loc":"0","new":"0","icon":"https:\/\/s.dianhua.cn\/cmenu\/icons\/category\/c10.png","id":"10","act":{"type":"yulore\/categorylist","action":"yulore.view","data":"city_id=2&cat_id=10"},"hot":0,"name":"其他生活服务","pid":0},{"loc":"1","new":"0","icon":"https:\/\/s.dianhua.cn\/cmenu\/icons\/category\/c11.png","id":"11","act":{"type":"yulore\/categorylist","action":"yulore.view","data":"city_id=2&cat_id=11"},"hot":0,"name":"休闲娱乐","pid":0},{"loc":"0","new":"0","icon":"https:\/\/s.dianhua.cn\/cmenu\/icons\/category\/c12.png","id":"12","act":{"type":"yulore\/categorylist","action":"yulore.view","data":"city_id=2&cat_id=12"},"hot":0,"name":"其他生活服务","pid":"10"},{"loc":"1","new":"0","icon":"https:\/\/s.dianhua.cn\/cmenu\/icons\/category\/c16.png","id":"16","act":{"type":"yulore\/categorylist","action":"yulore.view","data":"city_id=2&cat_id=16"},"hot":0,"name":"医疗健康","pid":0},{"loc":"0","new":"0","icon":"https:\/\/s.dianhua.cn\/cmenu\/icons\/category\/c19.png","id":"19","act":{"type":"yulore\/categorylist","action":"yulore.view","data":"city_id=2&cat_id=19"},"hot":0,"name":"国家机构","pid":0},{"loc":"1","new":"0","icon":"https:\/\/s.dianhua.cn\/cmenu\/icons\/category\/c26.png","id":"26","act":{"type":"yulore\/categorylist","action":"yulore.view","data":"city_id=2&cat_id=26"},"hot":0,"name":"教育培训","pid":0},{"loc":"1","new":"0","icon":"https:\/\/s.dianhua.cn\/cmenu\/icons\/category\/c29.png","id":"29","act":{"type":"yulore\/categorylist","action":"yulore.view","data":"city_id=2&cat_id=29"},"hot":0,"name":"旅游出行","pid":0},{"loc":"1","new":"0","icon":"https:\/\/s.dianhua.cn\/cmenu\/icons\/category\/c30.png","id":"30","act":{"type":"yulore\/categorylist","action":"yulore.view","data":"city_id=2&cat_id=30"},"hot":0,"name":"日常生活","pid":0},{"loc":"1","new":"0","icon":"https:\/\/s.dianhua.cn\/cmenu\/icons\/category\/c33.png","id":"33","act":{"type":"yulore\/categorylist","action":"yulore.view","data":"city_id=2&cat_id=33"},"hot":0,"name":"汽车交通","pid":0},{"loc":"0","new":"0","icon":"https:\/\/s.dianhua.cn\/cmenu\/icons\/category\/c36.png","id":"36","act":{"type":"yulore\/categorylist","action":"yulore.view","data":"city_id=2&cat_id=36"},"hot":0,"name":"本地生活服务","pid":0},{"loc":"0","new":"0","icon":"https:\/\/s.dianhua.cn\/cmenu\/icons\/category\/c41.png","id":"41","act":{"type":"yulore\/categorylist","action":"yulore.view","data":"city_id=2&cat_id=41"},"hot":0,"name":"社会团体","pid":0},{"loc":"1","new":"0","icon":"https:\/\/s.dianhua.cn\/cmenu\/icons\/category\/c45.png","id":"45","act":{"type":"yulore\/categorylist","action":"yulore.view","data":"city_id=2&cat_id=45"},"hot":0,"name":"购物服务","pid":0},{"loc":"1","new":"0","icon":"https:\/\/s.dianhua.cn\/cmenu\/icons\/category\/c48.png","id":"48","act":{"type":"yulore\/categorylist","action":"yulore.view","data":"city_id=2&cat_id=48"},"hot":0,"name":"运动健身","pid":0},{"loc":"1","new":"0","icon":"https:\/\/s.dianhua.cn\/cmenu\/icons\/category\/c51.png","id":"51","act":{"type":"yulore\/categorylist","action":"yulore.view","data":"city_id=2&cat_id=51"},"hot":0,"name":"金融银行","pid":0},{"loc":"1","new":"0","icon":"https:\/\/s.dianhua.cn\/cmenu\/icons\/category\/c52.png","id":"52","act":{"type":"yulore\/categorylist","action":"yulore.view","data":"city_id=2&cat_id=52"},"hot":0,"name":"餐饮美食","pid":0},{"loc":"0","new":"0","icon":"https:\/\/s.dianhua.cn\/cmenu\/icons\/category\/c53.png","id":"53","act":{"type":"yulore\/categorylist","action":"yulore.view","data":"city_id=2&cat_id=53"},"hot":0,"name":"国际组织","pid":0},{"loc":"0","new":"0","icon":"https:\/\/s.dianhua.cn\/cmenu\/icons\/category\/c71.png","id":"71","act":{"type":"yulore\/categorylist","action":"yulore.view","data":"city_id=2&cat_id=71"},"hot":0,"name":"人大常委会","pid":"19"},{"loc":"0","new":"0","icon":"https:\/\/s.dianhua.cn\/cmenu\/icons\/category\/c72.png","id":"72","act":{"type":"yulore\/categorylist","action":"yulore.view","data":"city_id=2&cat_id=72"},"hot":0,"name":"人民政府","pid":"19"},{"loc":"0","new":"0","icon":"https:\/\/s.dianhua.cn\/cmenu\/icons\/category\/c73.png","id":"73","act":{"type":"yulore\/categorylist","action":"yulore.view","data":"city_id=2&cat_id=73"},"hot":0,"name":"检察院","pid":"19"},{"loc":"0","new":"0","icon":"https:\/\/s.dianhua.cn\/cmenu\/icons\/category\/c74.png","id":"74","act":{"type":"yulore\/categorylist","action":"yulore.view","data":"city_id=2&cat_id=74"},"hot":0,"name":"派出所\/公安局","pid":"19"},{"loc":"0","new":"0","icon":"https:\/\/s.dianhua.cn\/cmenu\/icons\/category\/c75.png","id":"75","act":{"type":"yulore\/categorylist","action":"yulore.view","data":"city_id=2&cat_id=75"},"hot":0,"name":"工商局","pid":"19"},{"loc":"0","new":"0","icon":"https:\/\/s.dianhua.cn\/cmenu\/icons\/category\/c76.png","id":"76","act":{"type":"yulore\/categorylist","action":"yulore.view","data":"city_id=2&cat_id=76"},"hot":0,"name":"税务局","pid":"19"},{"loc":"0","new":"0","icon":"https:\/\/s.dianhua.cn\/cmenu\/icons\/category\/c77.png","id":"77","act":{"type":"yulore\/categorylist","action":"yulore.view","data":"city_id=2&cat_id=77"},"hot":0,"name":"民政局","pid":"19"},{"loc":"0","new":"0","icon":"https:\/\/s.dianhua.cn\/cmenu\/icons\/category\/c78.png","id":"78","act":{"type":"yulore\/categorylist","action":"yulore.view","data":"city_id=2&cat_id=78"},"hot":0,"name":"交管局","pid":"19"},{"loc":"0","new":"0","icon":"https:\/\/s.dianhua.cn\/cmenu\/icons\/category\/c79.png","id":"79","act":{"type":"yulore\/categorylist","action":"yulore.view","data":"city_id=2&cat_id=79"},"hot":0,"name":"交警队","pid":"19"},{"loc":"0","new":"0","icon":"https:\/\/s.dianhua.cn\/cmenu\/icons\/category\/c80.png","id":"80","act":{"type":"yulore\/categorylist","action":"yulore.view","data":"city_id=2&cat_id=80"},"hot":0,"name":"公证处","pid":"19"},{"loc":"0","new":"0","icon":"https:\/\/s.dianhua.cn\/cmenu\/icons\/category\/c81.png","id":"81","act":{"type":"yulore\/categorylist","action":"yulore.view","data":"city_id=2&cat_id=81"},"hot":0,"name":"社保中心","pid":"19"},{"loc":"0","new":"0","icon":"https:\/\/s.dianhua.cn\/cmenu\/icons\/category\/c82.png","id":"82","act":{"type":"yulore\/categorylist","action":"yulore.view","data":"city_id=2&cat_id=82"},"hot":0,"name":"供电局","pid":"19"},{"loc":"0","new":"0","icon":"https:\/\/s.dianhua.cn\/cmenu\/icons\/category\/c83.png","id":"83","act":{"type":"yulore\/categorylist","action":"yulore.view","data":"city_id=2&cat_id=83"},"hot":0,"name":"档案馆","pid":"19"},{"loc":"0","new":"0","icon":"https:\/\/s.dianhua.cn\/cmenu\/icons\/category\/c85.png","id":"85","act":{"type":"yulore\/categorylist","action":"yulore.view","data":"city_id=2&cat_id=85"},"hot":0,"name":"图书馆","pid":"19"},{"loc":"0","new":"0","icon":"https:\/\/s.dianhua.cn\/cmenu\/icons\/category\/c86.png","id":"86","act":{"type":"yulore\/categorylist","action":"yulore.view","data":"city_id=2&cat_id=86"},"hot":0,"name":"财政局","pid":"19"},{"loc":"0","new":"0","icon":"https:\/\/s.dianhua.cn\/cmenu\/icons\/category\/c87.png","id":"87","act":{"type":"yulore\/categorylist","action":"yulore.view","data":"city_id=2&cat_id=87"},"hot":0,"name":"敬老院","pid":"19"},{"loc":"0","new":"0","icon":"https:\/\/s.dianhua.cn\/cmenu\/icons\/category\/c88.png","id":"88","act":{"type":"yulore\/categorylist","action":"yulore.view","data":"city_id=2&cat_id=88"},"hot":0,"name":"福利院","pid":"19"},{"loc":"0","new":"0","icon":"https:\/\/s.dianhua.cn\/cmenu\/icons\/category\/c89.png","id":"89","act":{"type":"yulore\/categorylist","action":"yulore.view","data":"city_id=2&cat_id=89"},"hot":0,"name":"人才市场","pid":"19"},{"loc":"0","new":"0","icon":"https:\/\/s.dianhua.cn\/cmenu\/icons\/category\/c90.png","id":"90","act":{"type":"yulore\/categorylist","action":"yulore.view","data":"city_id=2&cat_id=90"},"hot":0,"name":"其他国家机构","pid":"19"},{"loc":"0","new":"0","icon":"https:\/\/s.dianhua.cn\/cmenu\/icons\/category\/c91.png","id":"91","act":{"type":"yulore\/categorylist","action":"yulore.view","data":"city_id=2&cat_id=91"},"hot":0,"name":"疗养院","pid":"19"},{"loc":"0","new":"0","icon":"https:\/\/s.dianhua.cn\/cmenu\/icons\/category\/c92.png","id":"92","act":{"type":"yulore\/categorylist","action":"yulore.view","data":"city_id=2&cat_id=92"},"hot":0,"name":"慈善机构","pid":"19"},{"loc":"0","new":"0","icon":"https:\/\/s.dianhua.cn\/cmenu\/icons\/category\/c94.png","id":"94","act":{"type":"yulore\/categorylist","action":"yulore.view","data":"city_id=2&cat_id=94"},"hot":0,"name":"民主党派","pid":"41"},{"loc":"0","new":"0","icon":"https:\/\/s.dianhua.cn\/cmenu\/icons\/category\/c95.png","id":"95","act":{"type":"yulore\/categorylist","action":"yulore.view","data":"city_id=2&cat_id=95"},"hot":0,"name":"工会","pid":"41"},{"loc":"0","new":"0","icon":"https:\/\/s.dianhua.cn\/cmenu\/icons\/category\/c96.png","id":"96","act":{"type":"yulore\/categorylist","action":"yulore.view","data":"city_id=2&cat_id=96"},"hot":0,"name":"共青团\/青联\/学联","pid":"41"},{"loc":"0","new":"0","icon":"https:\/\/s.dianhua.cn\/cmenu\/icons\/category\/c100.png","id":"100","act":{"type":"yulore\/categorylist","action":"yulore.view","data":"city_id=2&cat_id=100"},"hot":0,"name":"残联","pid":"41"},{"loc":"0","new":"0","icon":"https:\/\/s.dianhua.cn\/cmenu\/icons\/category\/c102.png","id":"102","act":{"type":"yulore\/categorylist","action":"yulore.view","data":"city_id=2&cat_id=102"},"hot":0,"name":"协会","pid":"41"},{"loc":"0","new":"0","icon":"https:\/\/s.dianhua.cn\/cmenu\/icons\/category\/c103.png","id":"103","act":{"type":"yulore\/categorylist","action":"yulore.view","data":"city_id=2&cat_id=103"},"hot":0,"name":"学会","pid":"41"},{"loc":"0","new":"0","icon":"https:\/\/s.dianhua.cn\/cmenu\/icons\/category\/c104.png","id":"104","act":{"type":"yulore\/categorylist","action":"yulore.view","data":"city_id=2&cat_id=104"},"hot":0,"name":"红十字会","pid":"41"},{"loc":"0","new":"0","icon":"https:\/\/s.dianhua.cn\/cmenu\/icons\/category\/c105.png","id":"105","act":{"type":"yulore\/categorylist","action":"yulore.view","data":"city_id=2&cat_id=105"},"hot":0,"name":"基金会","pid":"41"},{"loc":"0","new":"0","icon":"https:\/\/s.dianhua.cn\/cmenu\/icons\/category\/c106.png","id":"106","act":{"type":"yulore\/categorylist","action":"yulore.view","data":"city_id=2&cat_id=106"},"hot":0,"name":"疾病控制中心","pid":"19"},{"loc":"0","new":"0","icon":"https:\/\/s.dianhua.cn\/cmenu\/icons\/category\/c109.png","id":"109","act":{"type":"yulore\/categorylist","action":"yulore.view","data":"city_id=2&cat_id=109"},"hot":0,"name":"宗教团体","pid":"41"},{"loc":"0","new":"0","icon":"https:\/\/s.dianhua.cn\/cmenu\/icons\/category\/c110.png","id":"110","act":{"type":"yulore\/categorylist","action":"yulore.view","data":"city_id=2&cat_id=110"},"hot":0,"name":"其他社会团体","pid":"41"},{"loc":"0","new":"0","icon":"https:\/\/s.dianhua.cn\/cmenu\/icons\/category\/c111.png","id":"111","act":{"type":"yulore\/categorylist","action":"yulore.view","data":"city_id=2&cat_id=111"},"hot":0,"name":"驻在机构","pid":"19"},{"loc":"0","new":"0","icon":"https:\/\/s.dianhua.cn\/cmenu\/icons\/category\/c114.png","id":"114","act":{"type":"yulore\/categorylist","action":"yulore.view","data":"city_id=2&cat_id=114"},"hot":0,"name":"大使馆\/领事馆","pid":"53"},{"loc":"0","new":"0","icon":"https:\/\/s.dianhua.cn\/cmenu\/icons\/category\/c116.png","id":"116","act":{"type":"yulore\/categorylist","action":"yulore.view","data":"city_id=2&cat_id=116"},"hot":0,"name":"国际组织代表机构","pid":"53"},{"loc":"0","new":"0","icon":"https:\/\/s.dianhua.cn\/cmenu\/icons\/category\/c118.png","id":"118","act":{"type":"yulore\/categorylist","action":"yulore.view","data":"city_id=2&cat_id=118"},"hot":0,"name":"其他国际组织","pid":"53"},{"loc":"0","new":"0","icon":"https:\/\/s.dianhua.cn\/cmenu\/icons\/category\/c121.png","id":"121","act":{"type":"yulore\/categorylist","action":"yulore.view","data":"city_id=2&cat_id=121"},"hot":0,"name":"便民服务","pid":"4"},{"loc":"0","new":"0","icon":"https:\/\/s.dianhua.cn\/cmenu\/icons\/category\/c127.png","id":"127","act":{"type":"yulore\/categorylist","action":"yulore.view","data":"city_id=2&cat_id=127"},"hot":0,"name":"企业热线","pid":"4"},{"loc":"0","new":"0","icon":"https:\/\/s.dianhua.cn\/cmenu\/icons\/category\/c135.png","id":"135","act":{"type":"yulore\/categorylist","action":"yulore.view","data":"city_id=2&cat_id=135"},"hot":0,"name":"健康咨询","pid":"4"},{"loc":"1","new":"0","icon":"https:\/\/s.dianhua.cn\/cmenu\/icons\/category\/c137.png","id":"137","act":{"type":"yulore\/categorylist","action":"yulore.view","data":"city_id=2&cat_id=137"},"hot":0,"name":"火车订票","pid":"29"},{"loc":"1","new":"0","icon":"https:\/\/s.dianhua.cn\/cmenu\/icons\/category\/c138.png","id":"138","act":{"type":"yulore\/categorylist","action":"yulore.view","data":"city_id=2&cat_id=138"},"hot":0,"name":"汽车订票","pid":"29"},{"loc":"1","new":"0","icon":"https:\/\/s.dianhua.cn\/cmenu\/icons\/category\/c139.png","id":"139","act":{"type":"yulore\/categorylist","action":"yulore.view","data":"city_id=2&cat_id=139"},"hot":0,"name":"机票订票","pid":"29"},{"loc":"0","new":"0","icon":"https:\/\/s.dianhua.cn\/cmenu\/icons\/category\/c140.png","id":"140","act":{"type":"yulore\/categorylist","action":"yulore.view","data":"city_id=2&cat_id=140"},"hot":0,"name":"新闻媒体","pid":"4"},{"loc":"1","new":"0","icon":"https:\/\/s.dianhua.cn\/cmenu\/icons\/category\/c141.png","id":"141","act":{"type":"yulore\/categorylist","action":"yulore.view","data":"city_id=2&cat_id=141"},"hot":0,"name":"宠物","pid":"30"},{"loc":"1","new":"0","icon":"https:\/\/s.dianhua.cn\/cmenu\/icons\/category\/c142.png","id":"142","act":{"type":"yulore\/categorylist","action":"yulore.view","data":"city_id=2&cat_id=142"},"hot":0,"name":"影楼","pid":"30"},{"loc":"1","new":"0","icon":"https:\/\/s.dianhua.cn\/cmenu\/icons\/category\/c143.png","id":"143","act":{"type":"yulore\/categorylist","action":"yulore.view","data":"city_id=2&cat_id=143"},"hot":0,"name":"数码快印","pid":"30"},{"loc":"1","new":"0","icon":"https:\/\/s.dianhua.cn\/cmenu\/icons\/category\/c144.png","id":"144","act":{"type":"yulore\/categorylist","action":"yulore.view","data":"city_id=2&cat_id=144"},"hot":0,"name":"干洗店","pid":"30"},{"loc":"1","new":"0","icon":"https:\/\/s.dianhua.cn\/cmenu\/icons\/category\/c145.png","id":"145","act":{"type":"yulore\/categorylist","action":"yulore.view","data":"city_id=2&cat_id=145"},"hot":0,"name":"物业","pid":"30"},{"loc":"1","new":"0","icon":"https:\/\/s.dianhua.cn\/cmenu\/icons\/category\/c146.png","id":"146","act":{"type":"yulore\/categorylist","action":"yulore.view","data":"city_id=2&cat_id=146"},"hot":0,"name":"房屋中介","pid":"30"},{"loc":"1","new":"0","icon":"https:\/\/s.dianhua.cn\/cmenu\/icons\/category\/c147.png","id":"147","act":{"type":"yulore\/categorylist","action":"yulore.view","data":"city_id=2&cat_id=147"},"hot":0,"name":"彩票点","pid":"30"},{"loc":"1","new":"0","icon":"https:\/\/s.dianhua.cn\/cmenu\/icons\/category\/c148.png","id":"148","act":{"type":"yulore\/categorylist","action":"yulore.view","data":"city_id=2&cat_id=148"},"hot":0,"name":"殡葬","pid":"30"},{"loc":"1","new":"0","icon":"https:\/\/s.dianhua.cn\/cmenu\/icons\/category\/c149.png","id":"149","act":{"type":"yulore\/categorylist","action":"yulore.view","data":"city_id=2&cat_id=149"},"hot":0,"name":"律师事务所","pid":"30"},{"loc":"1","new":"0","icon":"https:\/\/s.dianhua.cn\/cmenu\/icons\/category\/c150.png","id":"150","act":{"type":"yulore\/categorylist","action":"yulore.view","data":"city_id=2&cat_id=150"},"hot":0,"name":"生活配送","pid":"30"},{"loc":"1","new":"0","icon":"https:\/\/s.dianhua.cn\/cmenu\/icons\/category\/c151.png","id":"151","act":{"type":"yulore\/categorylist","action":"yulore.view","data":"city_id=2&cat_id=151"},"hot":0,"name":"住宅小区","pid":"30"},{"loc":"1","new":"0","icon":"https:\/\/s.dianhua.cn\/cmenu\/icons\/category\/c152.png","id":"152","act":{"type":"yulore\/categorylist","action":"yulore.view","data":"city_id=2&cat_id=152"},"hot":0,"name":"写字楼","pid":"30"},{"loc":"1","new":"0","icon":"https:\/\/s.dianhua.cn\/cmenu\/icons\/category\/c153.png","id":"153","act":{"type":"yulore\/categorylist","action":"yulore.view","data":"city_id=2&cat_id=153"},"hot":0,"name":"翻译\/公证","pid":"30"},{"loc":"1","new":"0","icon":"https:\/\/s.dianhua.cn\/cmenu\/icons\/category\/c154.png","id":"154","act":{"type":"yulore\/categorylist","action":"yulore.view","data":"city_id=2&cat_id=154"},"hot":0,"name":"其他日常生活","pid":"30"},{"loc":"1","new":"0","icon":"https:\/\/s.dianhua.cn\/cmenu\/icons\/category\/c155.png","id":"155","act":{"type":"yulore\/categorylist","action":"yulore.view","data":"city_id=2&cat_id=155"},"hot":0,"name":"装饰\/装修","pid":"30"},{"loc":"1","new":"0","icon":"https:\/\/s.dianhua.cn\/cmenu\/icons\/category\/c156.png","id":"156","act":{"type":"yulore\/categorylist","action":"yulore.view","data":"city_id=2&cat_id=156"},"hot":0,"name":"展览\/会展","pid":"30"},{"loc":"1","new":"0","icon":"https:\/\/s.dianhua.cn\/cmenu\/icons\/category\/c158.png","id":"158","act":{"type":"yulore\/categorylist","action":"yulore.view","data":"city_id=2&cat_id=158"},"hot":0,"name":"水电燃气","pid":"30"},{"loc":"1","new":"0","icon":"https:\/\/s.dianhua.cn\/cmenu\/icons\/category\/c159.png","id":"159","act":{"type":"yulore\/categorylist","action":"yulore.view","data":"city_id=2&cat_id=159"},"hot":0,"name":"电信宽带","pid":"30"},{"loc":"1","new":"0","icon":"https:\/\/s.dianhua.cn\/cmenu\/icons\/category\/c160.png","id":"160","act":{"type":"yulore\/categorylist","action":"yulore.view","data":"city_id=2&cat_id=160"},"hot":0,"name":"小吃快餐","pid":"52"},{"loc":"1","new":"0","icon":"https:\/\/s.dianhua.cn\/cmenu\/icons\/category\/c161.png","id":"161","act":{"type":"yulore\/categorylist","action":"yulore.view","data":"city_id=2&cat_id=161"},"hot":0,"name":"京津菜","pid":"52"},{"loc":"1","new":"0","icon":"https:\/\/s.dianhua.cn\/cmenu\/icons\/category\/c162.png","id":"162","act":{"type":"yulore\/categorylist","action":"yulore.view","data":"city_id=2&cat_id=162"},"hot":0,"name":"鲁菜","pid":"52"},{"loc":"1","new":"0","icon":"https:\/\/s.dianhua.cn\/cmenu\/icons\/category\/c163.png","id":"163","act":{"type":"yulore\/categorylist","action":"yulore.view","data":"city_id=2&cat_id=163"},"hot":0,"name":"川菜","pid":"52"},{"loc":"1","new":"0","icon":"https:\/\/s.dianhua.cn\/cmenu\/icons\/category\/c164.png","id":"164","act":{"type":"yulore\/categorylist","action":"yulore.view","data":"city_id=2&cat_id=164"},"hot":0,"name":"湘菜","pid":"52"},{"loc":"1","new":"0","icon":"https:\/\/s.dianhua.cn\/cmenu\/icons\/category\/c165.png","id":"165","act":{"type":"yulore\/categorylist","action":"yulore.view","data":"city_id=2&cat_id=165"},"hot":0,"name":"湖北菜","pid":"52"},{"loc":"1","new":"0","icon":"https:\/\/s.dianhua.cn\/cmenu\/icons\/category\/c166.png","id":"166","act":{"type":"yulore\/categorylist","action":"yulore.view","data":"city_id=2&cat_id=166"},"hot":0,"name":"江浙菜","pid":"52"},{"loc":"1","new":"0","icon":"https:\/\/s.dianhua.cn\/cmenu\/icons\/category\/c167.png","id":"167","act":{"type":"yulore\/categorylist","action":"yulore.view","data":"city_id=2&cat_id=167"},"hot":0,"name":"粤菜","pid":"52"},{"loc":"1","new":"0","icon":"https:\/\/s.dianhua.cn\/cmenu\/icons\/category\/c168.png","id":"168","act":{"type":"yulore\/categorylist","action":"yulore.view","data":"city_id=2&cat_id=168"},"hot":0,"name":"东北菜","pid":"52"},{"loc":"1","new":"0","icon":"https:\/\/s.dianhua.cn\/cmenu\/icons\/category\/c169.png","id":"169","act":{"type":"yulore\/categorylist","action":"yulore.view","data":"city_id=2&cat_id=169"},"hot":0,"name":"清真菜","pid":"52"},{"loc":"1","new":"0","icon":"https:\/\/s.dianhua.cn\/cmenu\/icons\/category\/c170.png","id":"170","act":{"type":"yulore\/categorylist","action":"yulore.view","data":"city_id=2&cat_id=170"},"hot":0,"name":"西北菜","pid":"52"},{"loc":"1","new":"0","icon":"https:\/\/s.dianhua.cn\/cmenu\/icons\/category\/c171.png","id":"171","act":{"type":"yulore\/categorylist","action":"yulore.view","data":"city_id=2&cat_id=171"},"hot":0,"name":"贵州菜","pid":"52"},{"loc":"1","new":"0","icon":"https:\/\/s.dianhua.cn\/cmenu\/icons\/category\/c172.png","id":"172","act":{"type":"yulore\/categorylist","action":"yulore.view","data":"city_id=2&cat_id=172"},"hot":0,"name":"上海菜","pid":"52"},{"loc":"1","new":"0","icon":"https:\/\/s.dianhua.cn\/cmenu\/icons\/category\/c174.png","id":"174","act":{"type":"yulore\/categorylist","action":"yulore.view","data":"city_id=2&cat_id=174"},"hot":0,"name":"徽菜","pid":"52"},{"loc":"1","new":"0","icon":"https:\/\/s.dianhua.cn\/cmenu\/icons\/category\/c175.png","id":"175","act":{"type":"yulore\/categorylist","action":"yulore.view","data":"city_id=2&cat_id=175"},"hot":0,"name":"云南菜","pid":"52"},{"loc":"1","new":"0","icon":"https:\/\/s.dianhua.cn\/cmenu\/icons\/category\/c176.png","id":"176","act":{"type":"yulore\/categorylist","action":"yulore.view","data":"city_id=2&cat_id=176"},"hot":0,"name":"闽菜","pid":"52"},{"loc":"1","new":"0","icon":"https:\/\/s.dianhua.cn\/cmenu\/icons\/category\/c178.png","id":"178","act":{"type":"yulore\/categorylist","action":"yulore.view","data":"city_id=2&cat_id=178"},"hot":0,"name":"西藏菜","pid":"52"},{"loc":"1","new":"0","icon":"https:\/\/s.dianhua.cn\/cmenu\/icons\/category\/c179.png","id":"179","act":{"type":"yulore\/categorylist","action":"yulore.view","data":"city_id=2&cat_id=179"},"hot":0,"name":"台湾菜","pid":"52"},{"loc":"1","new":"0","icon":"https:\/\/s.dianhua.cn\/cmenu\/icons\/category\/c180.png","id":"180","act":{"type":"yulore\/categorylist","action":"yulore.view","data":"city_id=2&cat_id=180"},"hot":0,"name":"西餐","pid":"52"},{"loc":"1","new":"0","icon":"https:\/\/s.dianhua.cn\/cmenu\/icons\/category\/c181.png","id":"181","act":{"type":"yulore\/categorylist","action":"yulore.view","data":"city_id=2&cat_id=181"},"hot":0,"name":"素菜","pid":"52"},{"loc":"1","new":"0","icon":"https:\/\/s.dianhua.cn\/cmenu\/icons\/category\/c182.png","id":"182","act":{"type":"yulore\/categorylist","action":"yulore.view","data":"city_id=2&cat_id=182"},"hot":0,"name":"火锅","pid":"52"},{"loc":"1","new":"0","icon":"https:\/\/s.dianhua.cn\/cmenu\/icons\/category\/c183.png","id":"183","act":{"type":"yulore\/categorylist","action":"yulore.view","data":"city_id=2&cat_id=183"},"hot":0,"name":"海鲜","pid":"52"},{"loc":"1","new":"0","icon":"https:\/\/s.dianhua.cn\/cmenu\/icons\/category\/c185.png","id":"185","act":{"type":"yulore\/categorylist","action":"yulore.view","data":"city_id=2&cat_id=185"},"hot":0,"name":"日韩料理","pid":"52"},{"loc":"1","new":"0","icon":"https:\/\/s.dianhua.cn\/cmenu\/icons\/category\/c186.png","id":"186","act":{"type":"yulore\/categorylist","action":"yulore.view","data":"city_id=2&cat_id=186"},"hot":0,"name":"基金热线","pid":"4"},{"loc":"1","new":"0","icon":"https:\/\/s.dianhua.cn\/cmenu\/icons\/category\/c187.png","id":"187","act":{"type":"yulore\/categorylist","action":"yulore.view","data":"city_id=2&cat_id=187"},"hot":0,"name":"东南亚菜","pid":"52"},{"loc":"1","new":"0","icon":"https:\/\/s.dianhua.cn\/cmenu\/icons\/category\/c189.png","id":"189","act":{"type":"yulore\/categorylist","action":"yulore.view","data":"city_id=2&cat_id=189"},"hot":0,"name":"自助餐","pid":"52"},{"loc":"1","new":"0","icon":"https:\/\/s.dianhua.cn\/cmenu\/icons\/category\/c190.png","id":"190","act":{"type":"yulore\/categorylist","action":"yulore.view","data":"city_id=2&cat_id=190"},"hot":0,"name":"面包甜点","pid":"52"},{"loc":"1","new":"0","icon":"https:\/\/s.dianhua.cn\/cmenu\/icons\/category\/c193.png","id":"193","act":{"type":"yulore\/categorylist","action":"yulore.view","data":"city_id=2&cat_id=193"},"hot":0,"name":"家常菜","pid":"52"},{"loc":"0","new":"0","icon":"https:\/\/s.dianhua.cn\/cmenu\/icons\/category\/c194.png","id":"194","act":{"type":"yulore\/categorylist","action":"yulore.view","data":"city_id=2&cat_id=194"},"hot":0,"name":"法院","pid":"19"},{"loc":"1","new":"0","icon":"https:\/\/s.dianhua.cn\/cmenu\/icons\/category\/c196.png","id":"196","act":{"type":"yulore\/categorylist","action":"yulore.view","data":"city_id=2&cat_id=196"},"hot":0,"name":"甜品饮料","pid":"52"},{"loc":"1","new":"0","icon":"https:\/\/s.dianhua.cn\/cmenu\/icons\/category\/c197.png","id":"197","act":{"type":"yulore\/categorylist","action":"yulore.view","data":"city_id=2&cat_id=197"},"hot":0,"name":"特色菜","pid":"52"},{"loc":"1","new":"0","icon":"https:\/\/s.dianhua.cn\/cmenu\/icons\/category\/c198.png","id":"198","act":{"type":"yulore\/categorylist","action":"yulore.view","data":"city_id=2&cat_id=198"},"hot":0,"name":"饺子馆","pid":"52"},{"loc":"1","new":"0","icon":"https:\/\/s.dianhua.cn\/cmenu\/icons\/category\/c199.png","id":"199","act":{"type":"yulore\/categorylist","action":"yulore.view","data":"city_id=2&cat_id=199"},"hot":0,"name":"粉面馆","pid":"52"},{"loc":"1","new":"0","icon":"https:\/\/s.dianhua.cn\/cmenu\/icons\/category\/c200.png","id":"200","act":{"type":"yulore\/categorylist","action":"yulore.view","data":"city_id=2&cat_id=200"},"hot":0,"name":"旅游热线","pid":"4"},{"loc":"1","new":"0","icon":"https:\/\/s.dianhua.cn\/cmenu\/icons\/category\/c201.png","id":"201","act":{"type":"yulore\/categorylist","action":"yulore.view","data":"city_id=2&cat_id=201"},"hot":0,"name":"其他美食","pid":"52"},{"loc":"1","new":"0","icon":"https:\/\/s.dianhua.cn\/cmenu\/icons\/category\/c202.png","id":"202","act":{"type":"yulore\/categorylist","action":"yulore.view","data":"city_id=2&cat_id=202"},"hot":0,"name":"山西菜","pid":"52"},{"loc":"1","new":"0","icon":"https:\/\/s.dianhua.cn\/cmenu\/icons\/category\/c204.png","id":"204","act":{"type":"yulore\/categorylist","action":"yulore.view","data":"city_id=2&cat_id=204"},"hot":0,"name":"江西菜","pid":"52"},{"loc":"1","new":"0","icon":"https:\/\/s.dianhua.cn\/cmenu\/icons\/category\/c212.png","id":"212","act":{"type":"yulore\/categorylist","action":"yulore.view","data":"city_id=2&cat_id=212"},"hot":0,"name":"公寓式酒店","pid":"29"},{"loc":"1","new":"0","icon":"https:\/\/s.dianhua.cn\/cmenu\/icons\/category\/c213.png","id":"213","act":{"type":"yulore\/categorylist","action":"yulore.view","data":"city_id=2&cat_id=213"},"hot":0,"name":"度假村","pid":"29"},{"loc":"1","new":"0","icon":"https:\/\/s.dianhua.cn\/cmenu\/icons\/category\/c214.png","id":"214","act":{"type":"yulore\/categorylist","action":"yulore.view","data":"city_id=2&cat_id=214"},"hot":0,"name":"农家院\/客栈","pid":"29"},{"loc":"1","new":"0","icon":"https:\/\/s.dianhua.cn\/cmenu\/icons\/category\/c215.png","id":"215","act":{"type":"yulore\/categorylist","action":"yulore.view","data":"city_id=2&cat_id=215"},"hot":0,"name":"青年旅舍","pid":"29"},{"loc":"1","new":"0","icon":"https:\/\/s.dianhua.cn\/cmenu\/icons\/category\/c217.png","id":"217","act":{"type":"yulore\/categorylist","action":"yulore.view","data":"city_id=2&cat_id=217"},"hot":0,"name":"旅行社","pid":"29"},{"loc":"1","new":"0","icon":"https:\/\/s.dianhua.cn\/cmenu\/icons\/category\/c224.png","id":"224","act":{"type":"yulore\/categorylist","action":"yulore.view","data":"city_id=2&cat_id=224"},"hot":0,"name":"其他酒店","pid":"29"},{"loc":"1","new":"0","icon":"https:\/\/s.dianhua.cn\/cmenu\/icons\/category\/c226.png","id":"226","act":{"type":"yulore\/categorylist","action":"yulore.view","data":"city_id=2&cat_id=226"},"hot":0,"name":"景点","pid":"29"},{"loc":"1","new":"0","icon":"https:\/\/s.dianhua.cn\/cmenu\/icons\/category\/c227.png","id":"227","act":{"type":"yulore\/categorylist","action":"yulore.view","data":"city_id=2&cat_id=227"},"hot":0,"name":"客运站","pid":"29"},{"loc":"1","new":"0","icon":"https:\/\/s.dianhua.cn\/cmenu\/icons\/category\/c228.png","id":"228","act":{"type":"yulore\/categorylist","action":"yulore.view","data":"city_id=2&cat_id=228"},"hot":0,"name":"公交地铁","pid":"29"},{"loc":"1","new":"0","icon":"https:\/\/s.dianhua.cn\/cmenu\/icons\/category\/c230.png","id":"230","act":{"type":"yulore\/categorylist","action":"yulore.view","data":"city_id=2&cat_id=230"},"hot":0,"name":"机场航空","pid":"29"},{"loc":"1","new":"0","icon":"https:\/\/s.dianhua.cn\/cmenu\/icons\/category\/c232.png","id":"232","act":{"type":"yulore\/categorylist","action":"yulore.view","data":"city_id=2&cat_id=232"},"hot":0,"name":"KTV","pid":"11"},{"loc":"1","new":"0","icon":"https:\/\/s.dianhua.cn\/cmenu\/icons\/category\/c233.png","id":"233","act":{"type":"yulore\/categorylist","action":"yulore.view","data":"city_id=2&cat_id=233"},"hot":0,"name":"电影院","pid":"11"},{"loc":"1","new":"0","icon":"https:\/\/s.dianhua.cn\/cmenu\/icons\/category\/c234.png","id":"234","act":{"type":"yulore\/categorylist","action":"yulore.view","data":"city_id=2&cat_id=234"},"hot":0,"name":"酒吧","pid":"11"},{"loc":"1","new":"0","icon":"https:\/\/s.dianhua.cn\/cmenu\/icons\/category\/c235.png","id":"235","act":{"type":"yulore\/categorylist","action":"yulore.view","data":"city_id=2&cat_id=235"},"hot":0,"name":"咖啡厅","pid":"11"},{"loc":"1","new":"0","icon":"https:\/\/s.dianhua.cn\/cmenu\/icons\/category\/c236.png","id":"236","act":{"type":"yulore\/categorylist","action":"yulore.view","data":"city_id=2&cat_id=236"},"hot":0,"name":"茶馆","pid":"11"},{"loc":"1","new":"0","icon":"https:\/\/s.dianhua.cn\/cmenu\/icons\/category\/c237.png","id":"237","act":{"type":"yulore\/categorylist","action":"yulore.view","data":"city_id=2&cat_id=237"},"hot":0,"name":"剧场","pid":"11"},{"loc":"1","new":"0","icon":"https:\/\/s.dianhua.cn\/cmenu\/icons\/category\/c238.png","id":"238","act":{"type":"yulore\/categorylist","action":"yulore.view","data":"city_id=2&cat_id=238"},"hot":0,"name":"台球厅","pid":"11"},{"loc":"1","new":"0","icon":"https:\/\/s.dianhua.cn\/cmenu\/icons\/category\/c239.png","id":"239","act":{"type":"yulore\/categorylist","action":"yulore.view","data":"city_id=2&cat_id=239"},"hot":0,"name":"网吧","pid":"11"},{"loc":"1","new":"0","icon":"https:\/\/s.dianhua.cn\/cmenu\/icons\/category\/c241.png","id":"241","act":{"type":"yulore\/categorylist","action":"yulore.view","data":"city_id=2&cat_id=241"},"hot":0,"name":"棋牌桌游","pid":"11"},{"loc":"1","new":"0","icon":"https:\/\/s.dianhua.cn\/cmenu\/icons\/category\/c242.png","id":"242","act":{"type":"yulore\/categorylist","action":"yulore.view","data":"city_id=2&cat_id=242"},"hot":0,"name":"电玩城","pid":"11"},{"loc":"1","new":"0","icon":"https:\/\/s.dianhua.cn\/cmenu\/icons\/category\/c247.png","id":"247","act":{"type":"yulore\/categorylist","action":"yulore.view","data":"city_id=2&cat_id=247"},"hot":0,"name":"洗浴按摩","pid":"11"},{"loc":"1","new":"0","icon":"https:\/\/s.dianhua.cn\/cmenu\/icons\/category\/c248.png","id":"248","act":{"type":"yulore\/categorylist","action":"yulore.view","data":"city_id=2&cat_id=248"},"hot":0,"name":"温泉","pid":"11"},{"loc":"1","new":"0","icon":"https:\/\/s.dianhua.cn\/cmenu\/icons\/category\/c249.png","id":"249","act":{"type":"yulore\/categorylist","action":"yulore.view","data":"city_id=2&cat_id=249"},"hot":0,"name":"夜总会","pid":"11"},{"loc":"1","new":"0","icon":"https:\/\/s.dianhua.cn\/cmenu\/icons\/category\/c250.png","id":"250","act":{"type":"yulore\/categorylist","action":"yulore.view","data":"city_id=2&cat_id=250"},"hot":0,"name":"商务会所","pid":"11"},{"loc":"1","new":"0","icon":"https:\/\/s.dianhua.cn\/cmenu\/icons\/category\/c251.png","id":"251","act":{"type":"yulore\/categorylist","action":"yulore.view","data":"city_id=2&cat_id=251"},"hot":0,"name":"文化科技馆","pid":"11"},{"loc":"1","new":"0","icon":"https:\/\/s.dianhua.cn\/cmenu\/icons\/category\/c253.png","id":"253","act":{"type":"yulore\/categorylist","action":"yulore.view","data":"city_id=2&cat_id=253"},"hot":0,"name":"博物馆","pid":"11"},{"loc":"1","new":"0","icon":"https:\/\/s.dianhua.cn\/cmenu\/icons\/category\/c254.png","id":"254","act":{"type":"yulore\/categorylist","action":"yulore.view","data":"city_id=2&cat_id=254"},"hot":0,"name":"DIY手工坊","pid":"11"},{"loc":"1","new":"0","icon":"https:\/\/s.dianhua.cn\/cmenu\/icons\/category\/c256.png","id":"256","act":{"type":"yulore\/categorylist","action":"yulore.view","data":"city_id=2&cat_id=256"},"hot":0,"name":"公园","pid":"11"},{"loc":"1","new":"0","icon":"https:\/\/s.dianhua.cn\/cmenu\/icons\/category\/c257.png","id":"257","act":{"type":"yulore\/categorylist","action":"yulore.view","data":"city_id=2&cat_id=257"},"hot":0,"name":"采摘园","pid":"11"},{"loc":"1","new":"0","icon":"https:\/\/s.dianhua.cn\/cmenu\/icons\/category\/c259.png","id":"259","act":{"type":"yulore\/categorylist","action":"yulore.view","data":"city_id=2&cat_id=259"},"hot":0,"name":"其他休闲娱乐","pid":"11"},{"loc":"1","new":"0","icon":"https:\/\/s.dianhua.cn\/cmenu\/icons\/category\/c261.png","id":"261","act":{"type":"yulore\/categorylist","action":"yulore.view","data":"city_id=2&cat_id=261"},"hot":0,"name":"健身房","pid":"48"},{"loc":"1","new":"0","icon":"https:\/\/s.dianhua.cn\/cmenu\/icons\/category\/c262.png","id":"262","act":{"type":"yulore\/categorylist","action":"yulore.view","data":"city_id=2&cat_id=262"},"hot":0,"name":"游泳馆","pid":"48"},{"loc":"1","new":"0","icon":"https:\/\/s.dianhua.cn\/cmenu\/icons\/category\/c263.png","id":"263","act":{"type":"yulore\/categorylist","action":"yulore.view","data":"city_id=2&cat_id=263"},"hot":0,"name":"瑜伽","pid":"48"},{"loc":"1","new":"0","icon":"https:\/\/s.dianhua.cn\/cmenu\/icons\/category\/c264.png","id":"264","act":{"type":"yulore\/categorylist","action":"yulore.view","data":"city_id=2&cat_id=264"},"hot":0,"name":"羽毛球馆","pid":"48"},{"loc":"1","new":"0","icon":"https:\/\/s.dianhua.cn\/cmenu\/icons\/category\/c265.png","id":"265","act":{"type":"yulore\/categorylist","action":"yulore.view","data":"city_id=2&cat_id=265"},"hot":0,"name":"乒乓球馆","pid":"48"},{"loc":"1","new":"0","icon":"https:\/\/s.dianhua.cn\/cmenu\/icons\/category\/c266.png","id":"266","act":{"type":"yulore\/categorylist","action":"yulore.view","data":"city_id=2&cat_id=266"},"hot":0,"name":"网球场","pid":"48"},{"loc":"1","new":"0","icon":"https:\/\/s.dianhua.cn\/cmenu\/icons\/category\/c267.png","id":"267","act":{"type":"yulore\/categorylist","action":"yulore.view","data":"city_id=2&cat_id=267"},"hot":0,"name":"篮球场","pid":"48"},{"loc":"1","new":"0","icon":"https:\/\/s.dianhua.cn\/cmenu\/icons\/category\/c268.png","id":"268","act":{"type":"yulore\/categorylist","action":"yulore.view","data":"city_id=2&cat_id=268"},"hot":0,"name":"足球场","pid":"48"},{"loc":"1","new":"0","icon":"https:\/\/s.dianhua.cn\/cmenu\/icons\/category\/c269.png","id":"269","act":{"type":"yulore\/categorylist","action":"yulore.view","data":"city_id=2&cat_id=269"},"hot":0,"name":"高尔夫场","pid":"48"},{"loc":"1","new":"0","icon":"https:\/\/s.dianhua.cn\/cmenu\/icons\/category\/c270.png","id":"270","act":{"type":"yulore\/categorylist","action":"yulore.view","data":"city_id=2&cat_id=270"},"hot":0,"name":"保龄球馆","pid":"48"},{"loc":"1","new":"0","icon":"https:\/\/s.dianhua.cn\/cmenu\/icons\/category\/c271.png","id":"271","act":{"type":"yulore\/categorylist","action":"yulore.view","data":"city_id=2&cat_id=271"},"hot":0,"name":"舞蹈","pid":"48"},{"loc":"1","new":"0","icon":"https:\/\/s.dianhua.cn\/cmenu\/icons\/category\/c272.png","id":"272","act":{"type":"yulore\/categorylist","action":"yulore.view","data":"city_id=2&cat_id=272"},"hot":0,"name":"武术场馆","pid":"48"},{"loc":"1","new":"0","icon":"https:\/\/s.dianhua.cn\/cmenu\/icons\/category\/c273.png","id":"273","act":{"type":"yulore\/categorylist","action":"yulore.view","data":"city_id=2&cat_id=273"},"hot":0,"name":"体育场馆","pid":"48"},{"loc":"1","new":"0","icon":"https:\/\/s.dianhua.cn\/cmenu\/icons\/category\/c274.png","id":"274","act":{"type":"yulore\/categorylist","action":"yulore.view","data":"city_id=2&cat_id=274"},"hot":0,"name":"溜冰场","pid":"48"},{"loc":"1","new":"0","icon":"https:\/\/s.dianhua.cn\/cmenu\/icons\/category\/c275.png","id":"275","act":{"type":"yulore\/categorylist","action":"yulore.view","data":"city_id=2&cat_id=275"},"hot":0,"name":"滑雪场","pid":"48"},{"loc":"1","new":"0","icon":"https:\/\/s.dianhua.cn\/cmenu\/icons\/category\/c276.png","id":"276","act":{"type":"yulore\/categorylist","action":"yulore.view","data":"city_id=2&cat_id=276"},"hot":0,"name":"其他运动健身","pid":"48"},{"loc":"1","new":"0","icon":"https:\/\/s.dianhua.cn\/cmenu\/icons\/category\/c277.png","id":"277","act":{"type":"yulore\/categorylist","action":"yulore.view","data":"city_id=2&cat_id=277"},"hot":0,"name":"购物中心","pid":"45"},{"loc":"1","new":"0","icon":"https:\/\/s.dianhua.cn\/cmenu\/icons\/category\/c278.png","id":"278","act":{"type":"yulore\/categorylist","action":"yulore.view","data":"city_id=2&cat_id=278"},"hot":0,"name":"食品茶酒","pid":"45"},{"loc":"1","new":"0","icon":"https:\/\/s.dianhua.cn\/cmenu\/icons\/category\/c279.png","id":"279","act":{"type":"yulore\/categorylist","action":"yulore.view","data":"city_id=2&cat_id=279"},"hot":0,"name":"超市\/便利店","pid":"45"},{"loc":"1","new":"0","icon":"https:\/\/s.dianhua.cn\/cmenu\/icons\/category\/c280.png","id":"280","act":{"type":"yulore\/categorylist","action":"yulore.view","data":"city_id=2&cat_id=280"},"hot":0,"name":"服饰鞋包","pid":"45"},{"loc":"1","new":"0","icon":"https:\/\/s.dianhua.cn\/cmenu\/icons\/category\/c281.png","id":"281","act":{"type":"yulore\/categorylist","action":"yulore.view","data":"city_id=2&cat_id=281"},"hot":0,"name":"珠宝饰品","pid":"45"},{"loc":"1","new":"0","icon":"https:\/\/s.dianhua.cn\/cmenu\/icons\/category\/c282.png","id":"282","act":{"type":"yulore\/categorylist","action":"yulore.view","data":"city_id=2&cat_id=282"},"hot":0,"name":"化妆品","pid":"45"},{"loc":"1","new":"0","icon":"https:\/\/s.dianhua.cn\/cmenu\/icons\/category\/c283.png","id":"283","act":{"type":"yulore\/categorylist","action":"yulore.view","data":"city_id=2&cat_id=283"},"hot":0,"name":"运动户外","pid":"45"},{"loc":"1","new":"0","icon":"https:\/\/s.dianhua.cn\/cmenu\/icons\/category\/c284.png","id":"284","act":{"type":"yulore\/categorylist","action":"yulore.view","data":"city_id=2&cat_id=284"},"hot":0,"name":"母婴儿童","pid":"45"},{"loc":"1","new":"0","icon":"https:\/\/s.dianhua.cn\/cmenu\/icons\/category\/c285.png","id":"285","act":{"type":"yulore\/categorylist","action":"yulore.view","data":"city_id=2&cat_id=285"},"hot":0,"name":"品牌折扣店","pid":"45"},{"loc":"1","new":"0","icon":"https:\/\/s.dianhua.cn\/cmenu\/icons\/category\/c286.png","id":"286","act":{"type":"yulore\/categorylist","action":"yulore.view","data":"city_id=2&cat_id=286"},"hot":0,"name":"数码家电","pid":"45"},{"loc":"1","new":"0","icon":"https:\/\/s.dianhua.cn\/cmenu\/icons\/category\/c287.png","id":"287","act":{"type":"yulore\/categorylist","action":"yulore.view","data":"city_id=2&cat_id=287"},"hot":0,"name":"家具家居","pid":"45"},{"loc":"1","new":"0","icon":"https:\/\/s.dianhua.cn\/cmenu\/icons\/category\/c288.png","id":"288","act":{"type":"yulore\/categorylist","action":"yulore.view","data":"city_id=2&cat_id=288"},"hot":0,"name":"建材市场","pid":"45"},{"loc":"1","new":"0","icon":"https:\/\/s.dianhua.cn\/cmenu\/icons\/category\/c289.png","id":"289","act":{"type":"yulore\/categorylist","action":"yulore.view","data":"city_id=2&cat_id=289"},"hot":0,"name":"特色集市","pid":"45"},{"loc":"1","new":"0","icon":"https:\/\/s.dianhua.cn\/cmenu\/icons\/category\/c290.png","id":"290","act":{"type":"yulore\/categorylist","action":"yulore.view","data":"city_id=2&cat_id=290"},"hot":0,"name":"书店","pid":"45"},{"loc":"1","new":"0","icon":"https:\/\/s.dianhua.cn\/cmenu\/icons\/category\/c291.png","id":"291","act":{"type":"yulore\/categorylist","action":"yulore.view","data":"city_id=2&cat_id=291"},"hot":0,"name":"钟表眼镜","pid":"45"},{"loc":"1","new":"0","icon":"https:\/\/s.dianhua.cn\/cmenu\/icons\/category\/c292.png","id":"292","act":{"type":"yulore\/categorylist","action":"yulore.view","data":"city_id=2&cat_id=292"},"hot":0,"name":"花店","pid":"45"},{"loc":"1","new":"0","icon":"https:\/\/s.dianhua.cn\/cmenu\/icons\/category\/c294.png","id":"294","act":{"type":"yulore\/categorylist","action":"yulore.view","data":"city_id=2&cat_id=294"},"hot":0,"name":"流行饰品","pid":"45"},{"loc":"1","new":"0","icon":"https:\/\/s.dianhua.cn\/cmenu\/icons\/category\/c295.png","id":"295","act":{"type":"yulore\/categorylist","action":"yulore.view","data":"city_id=2&cat_id=295"},"hot":0,"name":"菜市场","pid":"45"},{"loc":"1","new":"0","icon":"https:\/\/s.dianhua.cn\/cmenu\/icons\/category\/c297.png","id":"297","act":{"type":"yulore\/categorylist","action":"yulore.view","data":"city_id=2&cat_id=297"},"hot":0,"name":"乐器","pid":"45"},{"loc":"1","new":"0","icon":"https:\/\/s.dianhua.cn\/cmenu\/icons\/category\/c298.png","id":"298","act":{"type":"yulore\/categorylist","action":"yulore.view","data":"city_id=2&cat_id=298"},"hot":0,"name":"批发市场","pid":"45"},{"loc":"1","new":"0","icon":"https:\/\/s.dianhua.cn\/cmenu\/icons\/category\/c301.png","id":"301","act":{"type":"yulore\/categorylist","action":"yulore.view","data":"city_id=2&cat_id=301"},"hot":0,"name":"旧货市场","pid":"45"},{"loc":"1","new":"0","icon":"https:\/\/s.dianhua.cn\/cmenu\/icons\/category\/c302.png","id":"302","act":{"type":"yulore\/categorylist","action":"yulore.view","data":"city_id=2&cat_id=302"},"hot":0,"name":"水产海鲜市场","pid":"45"},{"loc":"1","new":"0","icon":"https:\/\/s.dianhua.cn\/cmenu\/icons\/category\/c304.png","id":"304","act":{"type":"yulore\/categorylist","action":"yulore.view","data":"city_id=2&cat_id=304"},"hot":0,"name":"药店","pid":"30"},{"loc":"1","new":"0","icon":"https:\/\/s.dianhua.cn\/cmenu\/icons\/category\/c305.png","id":"305","act":{"type":"yulore\/categorylist","action":"yulore.view","data":"city_id=2&cat_id=305"},"hot":0,"name":"体检中心","pid":"16"},{"loc":"1","new":"0","icon":"https:\/\/s.dianhua.cn\/cmenu\/icons\/category\/c306.png","id":"306","act":{"type":"yulore\/categorylist","action":"yulore.view","data":"city_id=2&cat_id=306"},"hot":0,"name":"口腔门诊","pid":"16"},{"loc":"1","new":"0","icon":"https:\/\/s.dianhua.cn\/cmenu\/icons\/category\/c310.png","id":"310","act":{"type":"yulore\/categorylist","action":"yulore.view","data":"city_id=2&cat_id=310"},"hot":0,"name":"妇幼保健","pid":"16"},{"loc":"1","new":"0","icon":"https:\/\/s.dianhua.cn\/cmenu\/icons\/category\/c311.png","id":"311","act":{"type":"yulore\/categorylist","action":"yulore.view","data":"city_id=2&cat_id=311"},"hot":0,"name":"急救中心","pid":"16"},{"loc":"1","new":"0","icon":"https:\/\/s.dianhua.cn\/cmenu\/icons\/category\/c313.png","id":"313","act":{"type":"yulore\/categorylist","action":"yulore.view","data":"city_id=2&cat_id=313"},"hot":0,"name":"社区医院","pid":"16"},{"loc":"1","new":"0","icon":"https:\/\/s.dianhua.cn\/cmenu\/icons\/category\/c314.png","id":"314","act":{"type":"yulore\/categorylist","action":"yulore.view","data":"city_id=2&cat_id=314"},"hot":0,"name":"诊所","pid":"16"},{"loc":"1","new":"0","icon":"https:\/\/s.dianhua.cn\/cmenu\/icons\/category\/c320.png","id":"320","act":{"type":"yulore\/categorylist","action":"yulore.view","data":"city_id=2&cat_id=320"},"hot":0,"name":"其他医疗健康","pid":"16"},{"loc":"1","new":"0","icon":"https:\/\/s.dianhua.cn\/cmenu\/icons\/category\/c322.png","id":"322","act":{"type":"yulore\/categorylist","action":"yulore.view","data":"city_id=2&cat_id=322"},"hot":0,"name":"幼儿园","pid":"26"},{"loc":"1","new":"0","icon":"https:\/\/s.dianhua.cn\/cmenu\/icons\/category\/c323.png","id":"323","act":{"type":"yulore\/categorylist","action":"yulore.view","data":"city_id=2&cat_id=323"},"hot":0,"name":"小学","pid":"26"},{"loc":"1","new":"0","icon":"https:\/\/s.dianhua.cn\/cmenu\/icons\/category\/c324.png","id":"324","act":{"type":"yulore\/categorylist","action":"yulore.view","data":"city_id=2&cat_id=324"},"hot":0,"name":"中学","pid":"26"},{"loc":"1","new":"0","icon":"https:\/\/s.dianhua.cn\/cmenu\/icons\/category\/c325.png","id":"325","act":{"type":"yulore\/categorylist","action":"yulore.view","data":"city_id=2&cat_id=325"},"hot":0,"name":"驾校","pid":"33"},{"loc":"1","new":"0","icon":"https:\/\/s.dianhua.cn\/cmenu\/icons\/category\/c326.png","id":"326","act":{"type":"yulore\/categorylist","action":"yulore.view","data":"city_id=2&cat_id=326"},"hot":0,"name":"家教","pid":"26"},{"loc":"1","new":"0","icon":"https:\/\/s.dianhua.cn\/cmenu\/icons\/category\/c328.png","id":"328","act":{"type":"yulore\/categorylist","action":"yulore.view","data":"city_id=2&cat_id=328"},"hot":0,"name":"职业培训","pid":"26"},{"loc":"1","new":"0","icon":"https:\/\/s.dianhua.cn\/cmenu\/icons\/category\/c329.png","id":"329","act":{"type":"yulore\/categorylist","action":"yulore.view","data":"city_id=2&cat_id=329"},"hot":0,"name":"大学","pid":"26"},{"loc":"1","new":"0","icon":"https:\/\/s.dianhua.cn\/cmenu\/icons\/category\/c330.png","id":"330","act":{"type":"yulore\/categorylist","action":"yulore.view","data":"city_id=2&cat_id=330"},"hot":0,"name":"早教中心","pid":"26"},{"loc":"1","new":"0","icon":"https:\/\/s.dianhua.cn\/cmenu\/icons\/category\/c332.png","id":"332","act":{"type":"yulore\/categorylist","action":"yulore.view","data":"city_id=2&cat_id=332"},"hot":0,"name":"艺术培训","pid":"26"},{"loc":"1","new":"0","icon":"https:\/\/s.dianhua.cn\/cmenu\/icons\/category\/c334.png","id":"334","act":{"type":"yulore\/categorylist","action":"yulore.view","data":"city_id=2&cat_id=334"},"hot":0,"name":"成人教育","pid":"26"},{"loc":"1","new":"0","icon":"https:\/\/s.dianhua.cn\/cmenu\/icons\/category\/c335.png","id":"335","act":{"type":"yulore\/categorylist","action":"yulore.view","data":"city_id=2&cat_id=335"},"hot":0,"name":"留学机构","pid":"26"},{"loc":"1","new":"0","icon":"https:\/\/s.dianhua.cn\/cmenu\/icons\/category\/c336.png","id":"336","act":{"type":"yulore\/categorylist","action":"yulore.view","data":"city_id=2&cat_id=336"},"hot":0,"name":"职校\/中专","pid":"26"},{"loc":"1","new":"0","icon":"https:\/\/s.dianhua.cn\/cmenu\/icons\/category\/c338.png","id":"338","act":{"type":"yulore\/categorylist","action":"yulore.view","data":"city_id=2&cat_id=338"},"hot":0,"name":"外语培训","pid":"26"},{"loc":"1","new":"0","icon":"https:\/\/s.dianhua.cn\/cmenu\/icons\/category\/c339.png","id":"339","act":{"type":"yulore\/categorylist","action":"yulore.view","data":"city_id=2&cat_id=339"},"hot":0,"name":"国际学校","pid":"26"},{"loc":"1","new":"0","icon":"https:\/\/s.dianhua.cn\/cmenu\/icons\/category\/c342.png","id":"342","act":{"type":"yulore\/categorylist","action":"yulore.view","data":"city_id=2&cat_id=342"},"hot":0,"name":"考研培训","pid":"26"},{"loc":"1","new":"0","icon":"https:\/\/s.dianhua.cn\/cmenu\/icons\/category\/c344.png","id":"344","act":{"type":"yulore\/categorylist","action":"yulore.view","data":"city_id=2&cat_id=344"},"hot":0,"name":"研究所","pid":"26"},{"loc":"1","new":"0","icon":"https:\/\/s.dianhua.cn\/cmenu\/icons\/category\/c345.png","id":"345","act":{"type":"yulore\/categorylist","action":"yulore.view","data":"city_id=2&cat_id=345"},"hot":0,"name":"维修保养","pid":"33"},{"loc":"1","new":"0","icon":"https:\/\/s.dianhua.cn\/cmenu\/icons\/category\/c346.png","id":"346","act":{"type":"yulore\/categorylist","action":"yulore.view","data":"city_id=2&cat_id=346"},"hot":0,"name":"汽车租赁","pid":"33"},{"loc":"1","new":"0","icon":"https:\/\/s.dianhua.cn\/cmenu\/icons\/category\/c347.png","id":"347","act":{"type":"yulore\/categorylist","action":"yulore.view","data":"city_id=2&cat_id=347"},"hot":0,"name":"洗车美容","pid":"33"},{"loc":"1","new":"0","icon":"https:\/\/s.dianhua.cn\/cmenu\/icons\/category\/c348.png","id":"348","act":{"type":"yulore\/categorylist","action":"yulore.view","data":"city_id=2&cat_id=348"},"hot":0,"name":"加油站","pid":"33"},{"loc":"1","new":"0","icon":"https:\/\/s.dianhua.cn\/cmenu\/icons\/category\/c349.png","id":"349","act":{"type":"yulore\/categorylist","action":"yulore.view","data":"city_id=2&cat_id=349"},"hot":0,"name":"4S店","pid":"33"},{"loc":"1","new":"0","icon":"https:\/\/s.dianhua.cn\/cmenu\/icons\/category\/c350.png","id":"350","act":{"type":"yulore\/categorylist","action":"yulore.view","data":"city_id=2&cat_id=350"},"hot":0,"name":"汽车陪练","pid":"33"},{"loc":"1","new":"0","icon":"https:\/\/s.dianhua.cn\/cmenu\/icons\/category\/c351.png","id":"351","act":{"type":"yulore\/categorylist","action":"yulore.view","data":"city_id=2&cat_id=351"},"hot":0,"name":"机动车检测场","pid":"33"},{"loc":"1","new":"0","icon":"https:\/\/s.dianhua.cn\/cmenu\/icons\/category\/c352.png","id":"352","act":{"type":"yulore\/categorylist","action":"yulore.view","data":"city_id=2&cat_id=352"},"hot":0,"name":"汽车保险","pid":"33"},{"loc":"1","new":"0","icon":"https:\/\/s.dianhua.cn\/cmenu\/icons\/category\/c355.png","id":"355","act":{"type":"yulore\/categorylist","action":"yulore.view","data":"city_id=2&cat_id=355"},"hot":0,"name":"配件交易","pid":"33"},{"loc":"1","new":"0","icon":"https:\/\/s.dianhua.cn\/cmenu\/icons\/category\/c356.png","id":"356","act":{"type":"yulore\/categorylist","action":"yulore.view","data":"city_id=2&cat_id=356"},"hot":0,"name":"交管执法","pid":"33"},{"loc":"1","new":"0","icon":"https:\/\/s.dianhua.cn\/cmenu\/icons\/category\/c357.png","id":"357","act":{"type":"yulore\/categorylist","action":"yulore.view","data":"city_id=2&cat_id=357"},"hot":0,"name":"停车场","pid":"33"},{"loc":"1","new":"0","icon":"https:\/\/s.dianhua.cn\/cmenu\/icons\/category\/c372.png","id":"372","act":{"type":"yulore\/categorylist","action":"yulore.view","data":"city_id=2&cat_id=372"},"hot":0,"name":"其他汽车交通","pid":"33"},{"loc":"1","new":"0","icon":"https:\/\/s.dianhua.cn\/cmenu\/icons\/category\/c373.png","id":"373","act":{"type":"yulore\/categorylist","action":"yulore.view","data":"city_id=2&cat_id=373"},"hot":0,"name":"汽车销售","pid":"33"},{"loc":"1","new":"0","icon":"https:\/\/s.dianhua.cn\/cmenu\/icons\/category\/c375.png","id":"375","act":{"type":"yulore\/categorylist","action":"yulore.view","data":"city_id=2&cat_id=375"},"hot":0,"name":"摩托车","pid":"33"},{"loc":"1","new":"0","icon":"https:\/\/s.dianhua.cn\/cmenu\/icons\/category\/c386.png","id":"386","act":{"type":"yulore\/categorylist","action":"yulore.view","data":"city_id=2&cat_id=386"},"hot":0,"name":"保险","pid":"51"},{"loc":"1","new":"0","icon":"https:\/\/s.dianhua.cn\/cmenu\/icons\/category\/c387.png","id":"387","act":{"type":"yulore\/categorylist","action":"yulore.view","data":"city_id=2&cat_id=387"},"hot":0,"name":"证券","pid":"51"},{"loc":"1","new":"0","icon":"https:\/\/s.dianhua.cn\/cmenu\/icons\/category\/c396.png","id":"396","act":{"type":"yulore\/categorylist","action":"yulore.view","data":"city_id=2&cat_id=396"},"hot":0,"name":"典当拍卖","pid":"51"},{"loc":"1","new":"0","icon":"https:\/\/s.dianhua.cn\/cmenu\/icons\/category\/c397.png","id":"397","act":{"type":"yulore\/categorylist","action":"yulore.view","data":"city_id=2&cat_id=397"},"hot":0,"name":"银行","pid":"51"},{"loc":"1","new":"0","icon":"https:\/\/s.dianhua.cn\/cmenu\/icons\/category\/c398.png","id":"398","act":{"type":"yulore\/categorylist","action":"yulore.view","data":"city_id=2&cat_id=398"},"hot":0,"name":"其他金融","pid":"51"},{"loc":"1","new":"0","icon":"https:\/\/s.dianhua.cn\/cmenu\/icons\/category\/c400.png","id":"400","act":{"type":"yulore\/categorylist","action":"yulore.view","data":"city_id=2&cat_id=400"},"hot":0,"name":"投资理财","pid":"51"},{"loc":"1","new":"0","icon":"https:\/\/s.dianhua.cn\/cmenu\/icons\/category\/c401.png","id":"401","act":{"type":"yulore\/categorylist","action":"yulore.view","data":"city_id=2&cat_id=401"},"hot":0,"name":"美容美发","pid":"8"},{"loc":"1","new":"0","icon":"https:\/\/s.dianhua.cn\/cmenu\/icons\/category\/c404.png","id":"404","act":{"type":"yulore\/categorylist","action":"yulore.view","data":"city_id=2&cat_id=404"},"hot":0,"name":"瘦身纤体","pid":"8"},{"loc":"1","new":"0","icon":"https:\/\/s.dianhua.cn\/cmenu\/icons\/category\/c405.png","id":"405","act":{"type":"yulore\/categorylist","action":"yulore.view","data":"city_id=2&cat_id=405"},"hot":0,"name":"美甲","pid":"8"},{"loc":"1","new":"0","icon":"https:\/\/s.dianhua.cn\/cmenu\/icons\/category\/c406.png","id":"406","act":{"type":"yulore\/categorylist","action":"yulore.view","data":"city_id=2&cat_id=406"},"hot":0,"name":"其他结婚丽人","pid":"8"},{"loc":"1","new":"0","icon":"https:\/\/s.dianhua.cn\/cmenu\/icons\/category\/c407.png","id":"407","act":{"type":"yulore\/categorylist","action":"yulore.view","data":"city_id=2&cat_id=407"},"hot":0,"name":"婚纱摄影","pid":"8"},{"loc":"1","new":"0","icon":"https:\/\/s.dianhua.cn\/cmenu\/icons\/category\/c409.png","id":"409","act":{"type":"yulore\/categorylist","action":"yulore.view","data":"city_id=2&cat_id=409"},"hot":0,"name":"婚庆公司","pid":"8"},{"loc":"1","new":"0","icon":"https:\/\/s.dianhua.cn\/cmenu\/icons\/category\/c412.png","id":"412","act":{"type":"yulore\/categorylist","action":"yulore.view","data":"city_id=2&cat_id=412"},"hot":0,"name":"婚纱礼服","pid":"8"},{"loc":"1","new":"0","icon":"https:\/\/s.dianhua.cn\/cmenu\/icons\/category\/c414.png","id":"414","act":{"type":"yulore\/categorylist","action":"yulore.view","data":"city_id=2&cat_id=414"},"hot":0,"name":"彩妆造型","pid":"8"},{"loc":"1","new":"0","icon":"https:\/\/s.dianhua.cn\/cmenu\/icons\/category\/c415.png","id":"415","act":{"type":"yulore\/categorylist","action":"yulore.view","data":"city_id=2&cat_id=415"},"hot":0,"name":"婚车租赁","pid":"8"},{"loc":"1","new":"0","icon":"https:\/\/s.dianhua.cn\/cmenu\/icons\/category\/c416.png","id":"416","act":{"type":"yulore\/categorylist","action":"yulore.view","data":"city_id=2&cat_id=416"},"hot":0,"name":"婚介中心","pid":"8"},{"loc":"0","new":"0","icon":"https:\/\/s.dianhua.cn\/cmenu\/icons\/category\/c419.png","id":"419","act":{"type":"yulore\/categorylist","action":"yulore.view","data":"city_id=2&cat_id=419"},"hot":0,"name":"搬家","pid":"36"},{"loc":"0","new":"0","icon":"https:\/\/s.dianhua.cn\/cmenu\/icons\/category\/c420.png","id":"420","act":{"type":"yulore\/categorylist","action":"yulore.view","data":"city_id=2&cat_id=420"},"hot":0,"name":"家政","pid":"36"},{"loc":"0","new":"0","icon":"https:\/\/s.dianhua.cn\/cmenu\/icons\/category\/c421.png","id":"421","act":{"type":"yulore\/categorylist","action":"yulore.view","data":"city_id=2&cat_id=421"},"hot":0,"name":"月嫂","pid":"36"},{"loc":"0","new":"0","icon":"https:\/\/s.dianhua.cn\/cmenu\/icons\/category\/c422.png","id":"422","act":{"type":"yulore\/categorylist","action":"yulore.view","data":"city_id=2&cat_id=422"},"hot":0,"name":"保姆","pid":"36"},{"loc":"0","new":"0","icon":"https:\/\/s.dianhua.cn\/cmenu\/icons\/category\/c423.png","id":"423","act":{"type":"yulore\/categorylist","action":"yulore.view","data":"city_id=2&cat_id=423"},"hot":0,"name":"保洁","pid":"36"},{"loc":"0","new":"0","icon":"https:\/\/s.dianhua.cn\/cmenu\/icons\/category\/c424.png","id":"424","act":{"type":"yulore\/categorylist","action":"yulore.view","data":"city_id=2&cat_id=424"},"hot":0,"name":"小时工","pid":"36"},{"loc":"0","new":"0","icon":"https:\/\/s.dianhua.cn\/cmenu\/icons\/category\/c425.png","id":"425","act":{"type":"yulore\/categorylist","action":"yulore.view","data":"city_id=2&cat_id=425"},"hot":0,"name":"便民服务","pid":"36"},{"loc":"0","new":"0","icon":"https:\/\/s.dianhua.cn\/cmenu\/icons\/category\/c426.png","id":"426","act":{"type":"yulore\/categorylist","action":"yulore.view","data":"city_id=2&cat_id=426"},"hot":0,"name":"保险","pid":"36"},{"loc":"0","new":"0","icon":"https:\/\/s.dianhua.cn\/cmenu\/icons\/category\/c428.png","id":"428","act":{"type":"yulore\/categorylist","action":"yulore.view","data":"city_id=2&cat_id=428"},"hot":0,"name":"家电维修","pid":"36"},{"loc":"0","new":"0","icon":"https:\/\/s.dianhua.cn\/cmenu\/icons\/category\/c429.png","id":"429","act":{"type":"yulore\/categorylist","action":"yulore.view","data":"city_id=2&cat_id=429"},"hot":0,"name":"电脑维修","pid":"36"},{"loc":"0","new":"0","icon":"https:\/\/s.dianhua.cn\/cmenu\/icons\/category\/c430.png","id":"430","act":{"type":"yulore\/categorylist","action":"yulore.view","data":"city_id=2&cat_id=430"},"hot":0,"name":"手机维修","pid":"36"},{"loc":"0","new":"0","icon":"https:\/\/s.dianhua.cn\/cmenu\/icons\/category\/c431.png","id":"431","act":{"type":"yulore\/categorylist","action":"yulore.view","data":"city_id=2&cat_id=431"},"hot":0,"name":"空调移机","pid":"36"},{"loc":"0","new":"0","icon":"https:\/\/s.dianhua.cn\/cmenu\/icons\/category\/c432.png","id":"432","act":{"type":"yulore\/categorylist","action":"yulore.view","data":"city_id=2&cat_id=432"},"hot":0,"name":"空调维修","pid":"36"},{"loc":"0","new":"0","icon":"https:\/\/s.dianhua.cn\/cmenu\/icons\/category\/c433.png","id":"433","act":{"type":"yulore\/categorylist","action":"yulore.view","data":"city_id=2&cat_id=433"},"hot":0,"name":"门窗维修","pid":"36"},{"loc":"0","new":"0","icon":"https:\/\/s.dianhua.cn\/cmenu\/icons\/category\/c434.png","id":"434","act":{"type":"yulore\/categorylist","action":"yulore.view","data":"city_id=2&cat_id=434"},"hot":0,"name":"家居维修","pid":"36"},{"loc":"0","new":"0","icon":"https:\/\/s.dianhua.cn\/cmenu\/icons\/category\/c435.png","id":"435","act":{"type":"yulore\/categorylist","action":"yulore.view","data":"city_id=2&cat_id=435"},"hot":0,"name":"管道疏通","pid":"36"},{"loc":"0","new":"0","icon":"https:\/\/s.dianhua.cn\/cmenu\/icons\/category\/c437.png","id":"437","act":{"type":"yulore\/categorylist","action":"yulore.view","data":"city_id=2&cat_id=437"},"hot":0,"name":"同城快递","pid":"36"},{"loc":"0","new":"0","icon":"https:\/\/s.dianhua.cn\/cmenu\/icons\/category\/c438.png","id":"438","act":{"type":"yulore\/categorylist","action":"yulore.view","data":"city_id=2&cat_id=438"},"hot":0,"name":"送水订餐","pid":"36"},{"loc":"0","new":"0","icon":"https:\/\/s.dianhua.cn\/cmenu\/icons\/category\/c439.png","id":"439","act":{"type":"yulore\/categorylist","action":"yulore.view","data":"city_id=2&cat_id=439"},"hot":0,"name":"网络宽带","pid":"4"},{"loc":"0","new":"0","icon":"https:\/\/s.dianhua.cn\/cmenu\/icons\/category\/c440.png","id":"440","act":{"type":"yulore\/categorylist","action":"yulore.view","data":"city_id=2&cat_id=440"},"hot":0,"name":"二手服务","pid":"36"},{"loc":"0","new":"0","icon":"https:\/\/s.dianhua.cn\/cmenu\/icons\/category\/c441.png","id":"441","act":{"type":"yulore\/categorylist","action":"yulore.view","data":"city_id=2&cat_id=441"},"hot":0,"name":"其他本地生活","pid":"36"},{"loc":"0","new":"0","icon":"https:\/\/s.dianhua.cn\/cmenu\/icons\/category\/c443.png","id":"443","act":{"type":"yulore\/categorylist","action":"yulore.view","data":"city_id=2&cat_id=443"},"hot":0,"name":"印刷","pid":"36"},{"loc":"0","new":"0","icon":"https:\/\/s.dianhua.cn\/cmenu\/icons\/category\/c445.png","id":"445","act":{"type":"yulore\/categorylist","action":"yulore.view","data":"city_id=2&cat_id=445"},"hot":0,"name":"网站建设","pid":"36"},{"loc":"0","new":"0","icon":"https:\/\/s.dianhua.cn\/cmenu\/icons\/category\/c446.png","id":"446","act":{"type":"yulore\/categorylist","action":"yulore.view","data":"city_id=2&cat_id=446"},"hot":0,"name":"设计策划","pid":"36"},{"loc":"0","new":"0","icon":"https:\/\/s.dianhua.cn\/cmenu\/icons\/category\/c447.png","id":"447","act":{"type":"yulore\/categorylist","action":"yulore.view","data":"city_id=2&cat_id=447"},"hot":0,"name":"物流货运","pid":"36"},{"loc":"0","new":"0","icon":"https:\/\/s.dianhua.cn\/cmenu\/icons\/category\/c448.png","id":"448","act":{"type":"yulore\/categorylist","action":"yulore.view","data":"city_id=2&cat_id=448"},"hot":0,"name":"喷绘招牌","pid":"36"},{"loc":"0","new":"0","icon":"https:\/\/s.dianhua.cn\/cmenu\/icons\/category\/c451.png","id":"451","act":{"type":"yulore\/categorylist","action":"yulore.view","data":"city_id=2&cat_id=451"},"hot":0,"name":"财务会计","pid":"36"},{"loc":"0","new":"0","icon":"https:\/\/s.dianhua.cn\/cmenu\/icons\/category\/c452.png","id":"452","act":{"type":"yulore\/categorylist","action":"yulore.view","data":"city_id=2&cat_id=452"},"hot":0,"name":"商务礼品","pid":"36"},{"loc":"0","new":"0","icon":"https:\/\/s.dianhua.cn\/cmenu\/icons\/category\/c453.png","id":"453","act":{"type":"yulore\/categorylist","action":"yulore.view","data":"city_id=2&cat_id=453"},"hot":0,"name":"翻译\/速记","pid":"36"},{"loc":"0","new":"0","icon":"https:\/\/s.dianhua.cn\/cmenu\/icons\/category\/c454.png","id":"454","act":{"type":"yulore\/categorylist","action":"yulore.view","data":"city_id=2&cat_id=454"},"hot":0,"name":"工商注册","pid":"36"},{"loc":"0","new":"0","icon":"https:\/\/s.dianhua.cn\/cmenu\/icons\/category\/c455.png","id":"455","act":{"type":"yulore\/categorylist","action":"yulore.view","data":"city_id=2&cat_id=455"},"hot":0,"name":"法律\/咨询","pid":"36"},{"loc":"1","new":"0","icon":"https:\/\/s.dianhua.cn\/cmenu\/icons\/category\/c580.png","id":"580","act":{"type":"yulore\/categorylist","action":"yulore.view","data":"city_id=2&cat_id=580"},"hot":0,"name":"婚庆用品","pid":"8"},{"loc":"1","new":"0","icon":"https:\/\/s.dianhua.cn\/cmenu\/icons\/category\/c581.png","id":"581","act":{"type":"yulore\/categorylist","action":"yulore.view","data":"city_id=2&cat_id=581"},"hot":0,"name":"户外拓展","pid":"11"},{"loc":"1","new":"0","icon":"https:\/\/s.dianhua.cn\/cmenu\/icons\/category\/c582.png","id":"582","act":{"type":"yulore\/categorylist","action":"yulore.view","data":"city_id=2&cat_id=582"},"hot":0,"name":"移民签证","pid":"30"},{"loc":"1","new":"0","icon":"https:\/\/s.dianhua.cn\/cmenu\/icons\/category\/c584.png","id":"584","act":{"type":"yulore\/categorylist","action":"yulore.view","data":"city_id=2&cat_id=584"},"hot":0,"name":"河南菜","pid":"52"},{"loc":"1","new":"0","icon":"https:\/\/s.dianhua.cn\/cmenu\/icons\/category\/c585.png","id":"585","act":{"type":"yulore\/categorylist","action":"yulore.view","data":"city_id=2&cat_id=585"},"hot":0,"name":"海南菜","pid":"52"},{"loc":"1","new":"0","icon":"https:\/\/s.dianhua.cn\/cmenu\/icons\/category\/c586.png","id":"586","act":{"type":"yulore\/categorylist","action":"yulore.view","data":"city_id=2&cat_id=586"},"hot":0,"name":"广西菜","pid":"52"},{"loc":"1","new":"0","icon":"https:\/\/s.dianhua.cn\/cmenu\/icons\/category\/c589.png","id":"589","act":{"type":"yulore\/categorylist","action":"yulore.view","data":"city_id=2&cat_id=589"},"hot":0,"name":"其他教育培训","pid":"26"},{"loc":"1","new":"0","icon":"https:\/\/s.dianhua.cn\/cmenu\/icons\/category\/c591.png","id":"591","act":{"type":"yulore\/categorylist","action":"yulore.view","data":"city_id=2&cat_id=591"},"hot":0,"name":"报刊杂志","pid":"30"},{"loc":"1","new":"0","icon":"https:\/\/s.dianhua.cn\/cmenu\/icons\/category\/c593.png","id":"593","act":{"type":"yulore\/categorylist","action":"yulore.view","data":"city_id=2&cat_id=593"},"hot":0,"name":"火车站","pid":"29"},{"loc":"1","new":"0","icon":"https:\/\/s.dianhua.cn\/cmenu\/icons\/category\/c594.png","id":"594","act":{"type":"yulore\/categorylist","action":"yulore.view","data":"city_id=2&cat_id=594"},"hot":0,"name":"快递服务","pid":"30"},{"loc":"1","new":"0","icon":"https:\/\/s.dianhua.cn\/cmenu\/icons\/category\/c595.png","id":"595","act":{"type":"yulore\/categorylist","action":"yulore.view","data":"city_id=2&cat_id=595"},"hot":0,"name":"招待所","pid":"29"},{"loc":"0","new":"0","icon":"https:\/\/s.dianhua.cn\/cmenu\/icons\/category\/c600.png","id":"600","act":{"type":"yulore\/categorylist","action":"yulore.view","data":"city_id=2&cat_id=600"},"hot":0,"name":"市民生活热线","pid":"599"},{"loc":"0","new":"0","icon":"https:\/\/s.dianhua.cn\/cmenu\/icons\/category\/c601.png","id":"601","act":{"type":"yulore\/categorylist","action":"yulore.view","data":"city_id=2&cat_id=601"},"hot":0,"name":"监督投诉热线","pid":"599"},{"loc":"0","new":"0","icon":"https:\/\/s.dianhua.cn\/cmenu\/icons\/category\/c602.png","id":"602","act":{"type":"yulore\/categorylist","action":"yulore.view","data":"city_id=2&cat_id=602"},"hot":0,"name":"旅游交通热线","pid":"599"},{"loc":"0","new":"0","icon":"https:\/\/s.dianhua.cn\/cmenu\/icons\/category\/c603.png","id":"603","act":{"type":"yulore\/categorylist","action":"yulore.view","data":"city_id=2&cat_id=603"},"hot":0,"name":"电视新闻热线","pid":"599"},{"loc":"0","new":"0","icon":"https:\/\/s.dianhua.cn\/cmenu\/icons\/category\/c605.png","id":"605","act":{"type":"yulore\/categorylist","action":"yulore.view","data":"city_id=2&cat_id=605"},"hot":0,"name":"其他本地热线","pid":"599"},{"loc":"0","new":"0","icon":"https:\/\/s.dianhua.cn\/cmenu\/icons\/category\/c606.png","id":"606","act":{"type":"yulore\/categorylist","action":"yulore.view","data":"city_id=2&cat_id=606"},"hot":0,"name":"网络服务","pid":"36"},{"loc":"0","new":"0","icon":"https:\/\/s.dianhua.cn\/cmenu\/icons\/category\/c608.png","id":"608","act":{"type":"yulore\/categorylist","action":"yulore.view","data":"city_id=2&cat_id=608"},"hot":0,"name":"货架","pid":"36"},{"loc":"0","new":"0","icon":"https:\/\/s.dianhua.cn\/cmenu\/icons\/category\/c609.png","id":"609","act":{"type":"yulore\/categorylist","action":"yulore.view","data":"city_id=2&cat_id=609"},"hot":0,"name":"数码快印","pid":"36"},{"loc":"0","new":"0","icon":"https:\/\/s.dianhua.cn\/cmenu\/icons\/category\/c610.png","id":"610","act":{"type":"yulore\/categorylist","action":"yulore.view","data":"city_id=2&cat_id=610"},"hot":0,"name":"招商加盟","pid":"36"},{"loc":"0","new":"0","icon":"https:\/\/s.dianhua.cn\/cmenu\/icons\/category\/c611.png","id":"611","act":{"type":"yulore\/categorylist","action":"yulore.view","data":"city_id=2&cat_id=611"},"hot":0,"name":"担保贷款","pid":"36"},{"loc":"0","new":"0","icon":"https:\/\/s.dianhua.cn\/cmenu\/icons\/category\/c612.png","id":"612","act":{"type":"yulore\/categorylist","action":"yulore.view","data":"city_id=2&cat_id=612"},"hot":0,"name":"投资理财","pid":"36"},{"loc":"0","new":"0","icon":"https:\/\/s.dianhua.cn\/cmenu\/icons\/category\/c1467.png","id":"1467","act":{"type":"yulore\/categorylist","action":"yulore.view","data":"city_id=2&cat_id=1467"},"hot":0,"name":"机关单位","pid":"19"},{"loc":"0","new":"0","icon":"https:\/\/s.dianhua.cn\/cmenu\/icons\/category\/c1468.png","id":"1468","act":{"type":"yulore\/categorylist","action":"yulore.view","data":"city_id=2&cat_id=1468"},"hot":0,"name":"国务院","pid":"19"},{"loc":"0","new":"0","icon":"https:\/\/s.dianhua.cn\/cmenu\/icons\/category\/c1469.png","id":"1469","act":{"type":"yulore\/categorylist","action":"yulore.view","data":"city_id=2&cat_id=1469"},"hot":0,"name":"教育热线","pid":"4"},{"loc":"0","new":"0","icon":"https:\/\/s.dianhua.cn\/cmenu\/icons\/category\/c1470.png","id":"1470","act":{"type":"yulore\/categorylist","action":"yulore.view","data":"city_id=2&cat_id=1470"},"hot":0,"name":"知名网站","pid":"4"},{"loc":"0","new":"0","icon":"https:\/\/s.dianhua.cn\/cmenu\/icons\/category\/c1480.png","id":"1480","act":{"type":"yulore\/categorylist","action":"yulore.view","data":"city_id=2&cat_id=1480"},"hot":0,"name":"其他热线","pid":"4"},{"loc":"1","new":"0","icon":"https:\/\/s.dianhua.cn\/cmenu\/icons\/category\/c1481.png","id":"1481","act":{"type":"yulore\/categorylist","action":"yulore.view","data":"city_id=2&cat_id=1481"},"hot":0,"name":"居委会","pid":"30"},{"loc":"1","new":"0","icon":"https:\/\/s.dianhua.cn\/cmenu\/icons\/category\/c1519.png","id":"1519","act":{"type":"yulore\/categorylist","action":"yulore.view","data":"city_id=2&cat_id=1519"},"hot":0,"name":"品牌服务","pid":"45"},{"loc":"1","new":"0","icon":"https:\/\/s.dianhua.cn\/cmenu\/icons\/category\/c1520.png","id":"1520","act":{"type":"yulore\/categorylist","action":"yulore.view","data":"city_id=2&cat_id=1520"},"hot":0,"name":"电视广播","pid":"30"},{"loc":"1","new":"0","icon":"https:\/\/s.dianhua.cn\/cmenu\/icons\/category\/c1538.png","id":"1538","act":{"type":"yulore\/categorylist","action":"yulore.view","data":"city_id=2&cat_id=1538"},"hot":0,"name":"其他旅游出行","pid":"29"},{"loc":"1","new":"0","icon":"https:\/\/s.dianhua.cn\/cmenu\/icons\/category\/c1539.png","id":"1539","act":{"type":"yulore\/categorylist","action":"yulore.view","data":"city_id=2&cat_id=1539"},"hot":0,"name":"其他购物服务","pid":"45"},{"loc":"0","new":"0","icon":"https:\/\/s.dianhua.cn\/cmenu\/icons\/category\/c1541.png","id":"1541","act":{"type":"yulore\/categorylist","action":"yulore.view","data":"city_id=2&cat_id=1541"},"hot":0,"name":"非机动车","pid":"33"},{"loc":"0","new":"0","icon":"https:\/\/s.dianhua.cn\/cmenu\/icons\/category\/c1542.png","id":"1542","act":{"type":"yulore\/categorylist","action":"yulore.view","data":"city_id=2&cat_id=1542"},"hot":0,"name":"打车服务","pid":"4"},{"loc":"1","new":"0","icon":"https:\/\/s.dianhua.cn\/cmenu\/icons\/category\/c307.png","id":"307","act":{"type":"yulore\/categorylist","action":"yulore.view","data":"city_id=2&cat_id=307"},"hot":0,"name":"中医院","pid":"16"},{"loc":"1","new":"0","icon":"https:\/\/s.dianhua.cn\/cmenu\/icons\/category\/c312.png","id":"312","act":{"type":"yulore\/categorylist","action":"yulore.view","data":"city_id=2&cat_id=312"},"hot":0,"name":"三级医院","pid":"16"},{"loc":"1","new":"0","icon":"https:\/\/s.dianhua.cn\/cmenu\/icons\/category\/c316.png","id":"316","act":{"type":"yulore\/categorylist","action":"yulore.view","data":"city_id=2&cat_id=316"},"hot":0,"name":"儿童医院","pid":"16"},{"loc":"1","new":"0","icon":"https:\/\/s.dianhua.cn\/cmenu\/icons\/category\/c318.png","id":"318","act":{"type":"yulore\/categorylist","action":"yulore.view","data":"city_id=2&cat_id=318"},"hot":0,"name":"二级医院","pid":"16"},{"loc":"1","new":"0","icon":"https:\/\/s.dianhua.cn\/cmenu\/icons\/category\/c321.png","id":"321","act":{"type":"yulore\/categorylist","action":"yulore.view","data":"city_id=2&cat_id=321"},"hot":0,"name":"专科医院","pid":"16"},{"loc":0,"new":"0","subtitle":"求助 投诉 报警","id":10011,"icon":"https:\/\/s.dianhua.cn\/cmenu\/icons\/category\/c10011.png","act":{"type":"yulore\/categorylist","action":"yulore.view","data":"city_id=2&cat_id=10011"},"hot":0,"name":"附近医院","pid":"-1"},{"loc":"1","new":"0","icon":"https:\/\/s.dianhua.cn\/cmenu\/icons\/category\/c207.png","id":"207","act":{"type":"yulore\/categorylist","action":"yulore.view","data":"city_id=2&cat_id=207"},"hot":0,"name":"经济型酒店","pid":"29"},{"loc":"1","new":"0","icon":"https:\/\/s.dianhua.cn\/cmenu\/icons\/category\/c209.png","id":"209","act":{"type":"yulore\/categorylist","action":"yulore.view","data":"city_id=2&cat_id=209"},"hot":0,"name":"三星级酒店","pid":"29"},{"loc":"1","new":"0","icon":"https:\/\/s.dianhua.cn\/cmenu\/icons\/category\/c210.png","id":"210","act":{"type":"yulore\/categorylist","action":"yulore.view","data":"city_id=2&cat_id=210"},"hot":0,"name":"四星级酒店","pid":"29"},{"loc":"1","new":"0","icon":"https:\/\/s.dianhua.cn\/cmenu\/icons\/category\/c211.png","id":"211","act":{"type":"yulore\/categorylist","action":"yulore.view","data":"city_id=2&cat_id=211"},"hot":0,"name":"五星级酒店","pid":"29"},{"loc":0,"new":"0","subtitle":"求助 投诉 报警","id":10010,"icon":"https:\/\/s.dianhua.cn\/cmenu\/icons\/category\/c10010.png","act":{"type":"yulore\/categorylist","action":"yulore.view","data":"city_id=2&cat_id=10010"},"hot":0,"name":"附近酒店","pid":"-1"}],"district":[],"localsvcs":[{"svckey":"SVCOiMthTfphmPimlr8o1rVfDGXdlKgy","act":{"type":"yulore\/service","action":"yulore.view","data":"http:\/\/www.dianhua.cn\/o2o\/third_party\/?apikey=6WWpOS2NreERRbkJpYVVJd1lVZFZaMkw&svckey=SVCOiMthTfphmPimlr8o1rVfDGXdlKgy&url=http%3A%2F%2Fi.58.com%2F1ven&title=%E5%AE%B6%E6%94%BF&"},"subtitle":"月嫂 保洁 管道疏通","id":"64195731","enabled":"1","title":"家政","link":"http:\/\/www.dianhua.cn\/o2o\/third_party\/?apikey=6WWpOS2NreERRbkJpYVVJd1lVZFZaMkw&svckey=SVCOiMthTfphmPimlr8o1rVfDGXdlKgy&url=http%3A%2F%2Fi.58.com%2F1ven&title=%E5%AE%B6%E6%94%BF&","icon":"https:\/\/s.dianhua.cn\/cmenu\/icons\/yulore\/category\/icon_homemaking.png"},{"svckey":"SVCntjNiWsZpnhngQjLAcWOvgPLsvZCo","act":{"type":"yulore\/service","action":"yulore.view","data":"http:\/\/www.dianhua.cn\/o2o\/third_party\/?apikey=6WWpOS2NreERRbkJpYVVJd1lVZFZaMkw&svckey=SVCntjNiWsZpnhngQjLAcWOvgPLsvZCo&url=http%3A%2F%2Fdianhuabang.3g.ganji.com%2Flocal_fang%2F%3Fca_s%3Dtg_dianhua%26ca_n%3Ddianhuabang_fang%26&title=%E7%A7%9F%E6%88%BF&"},"subtitle":"整租 合租 短租","id":"64195732","enabled":"1","title":"租房","link":"http:\/\/www.dianhua.cn\/o2o\/third_party\/?apikey=6WWpOS2NreERRbkJpYVVJd1lVZFZaMkw&svckey=SVCntjNiWsZpnhngQjLAcWOvgPLsvZCo&url=http%3A%2F%2Fdianhuabang.3g.ganji.com%2Flocal_fang%2F%3Fca_s%3Dtg_dianhua%26ca_n%3Ddianhuabang_fang%26&title=%E7%A7%9F%E6%88%BF&","icon":"https:\/\/s.dianhua.cn\/cmenu\/icons\/yulore\/category\/icon_house_property.png"},{"svckey":"SVCpgkCGLAzcF4hrFLGOwnC1Dtn9fpro","act":{"type":"yulore\/service","action":"yulore.view","data":"http:\/\/www.dianhua.cn\/o2o\/third_party\/?apikey=6WWpOS2NreERRbkJpYVVJd1lVZFZaMkw&svckey=SVCpgkCGLAzcF4hrFLGOwnC1Dtn9fpro&url=http%3A%2F%2Fdhb.3g.ganji.com%2Flocal_wanted%2Fyellowpage%2F%3Fca_s%3Dtg_dianhua%26ca_n%3Ddianhuabang_wanted%26&title=%E6%8B%9B%E8%81%98&"},"subtitle":"全职 兼职 热门行业","id":"64195730","enabled":"1","title":"招聘","link":"http:\/\/www.dianhua.cn\/o2o\/third_party\/?apikey=6WWpOS2NreERRbkJpYVVJd1lVZFZaMkw&svckey=SVCpgkCGLAzcF4hrFLGOwnC1Dtn9fpro&url=http%3A%2F%2Fdhb.3g.ganji.com%2Flocal_wanted%2Fyellowpage%2F%3Fca_s%3Dtg_dianhua%26ca_n%3Ddianhuabang_wanted%26&title=%E6%8B%9B%E8%81%98&","icon":"https:\/\/s.dianhua.cn\/cmenu\/icons\/yulore\/category\/icon_person.png"},{"svckey":"SVCSyud9qDTdj0pUkeamCzxymblEqHjm","act":{"type":"yulore\/service","action":"yulore.view","data":"http:\/\/www.dianhua.cn\/o2o\/third_party\/?apikey=6WWpOS2NreERRbkJpYVVJd1lVZFZaMkw&svckey=SVCSyud9qDTdj0pUkeamCzxymblEqHjm&url=http%3A%2F%2F3g.ganji.com%2Fsecondmarket%2Fdianhuabang%2Findex%2F&title=%E4%BA%8C%E6%89%8B%E5%B8%82%E5%9C%BA&"},"subtitle":"二手车 数码 电器","id":"64195729","enabled":"1","title":"二手市场","link":"http:\/\/www.dianhua.cn\/o2o\/third_party\/?apikey=6WWpOS2NreERRbkJpYVVJd1lVZFZaMkw&svckey=SVCSyud9qDTdj0pUkeamCzxymblEqHjm&url=http%3A%2F%2F3g.ganji.com%2Fsecondmarket%2Fdianhuabang%2Findex%2F&title=%E4%BA%8C%E6%89%8B%E5%B8%82%E5%9C%BA&","icon":"https:\/\/s.dianhua.cn\/cmenu\/icons\/yulore\/category\/icon_secondary_market.png"}],"services":[{"act":{"type":"yulore\/service","action":"yulore.view","data":"https:\/\/www.dianhua.cn\/o2o\/recharge\/?apikey=6WWpOS2NreERRbkJpYVVJd1lVZFZaMkw&st=0"},"subtitle":"手机话费充值","id":"62686299","enabled":"1","title":"话费充值","link":"https:\/\/www.dianhua.cn\/o2o\/recharge\/?apikey=6WWpOS2NreERRbkJpYVVJd1lVZFZaMkw&st=0","icon":"https:\/\/s.dianhua.cn\/cmenu\/icons\/yulore\/5.0\/icon_hfcz.png"},{"act":{"type":"yulore\/service","action":"yulore.view","data":"yulorepage-sendsms"},"subtitle":"","id":"71881748","enabled":"1","title":"话费查询","link":"yulorepage-sendsms","icon":"https:\/\/s.dianhua.cn\/cmenu\/icons\/yulore\/5.0\/icon_hfcx.png"},{"act":{"type":"yulore\/service","action":"yulore.view","data":"https:\/\/www.dianhua.cn\/o2o\/express_send\/?apikey=6WWpOS2NreERRbkJpYVVJd1lVZFZaMkw&st=0"},"subtitle":"","id":"71881750","enabled":"1","title":"发快递","link":"https:\/\/www.dianhua.cn\/o2o\/express_send\/?apikey=6WWpOS2NreERRbkJpYVVJd1lVZFZaMkw&st=0","icon":"https:\/\/s.dianhua.cn\/cmenu\/icons\/yulore\/5.0\/icon_fkd.png"},{"act":{"type":"yulore\/service","action":"yulore.view","data":"https:\/\/www.dianhua.cn\/o2o\/kuaidi\/?apikey=6WWpOS2NreERRbkJpYVVJd1lVZFZaMkw&st=0"},"subtitle":"快递单号查询","id":"62686298","enabled":"1","title":"快递查询","link":"https:\/\/www.dianhua.cn\/o2o\/kuaidi\/?apikey=6WWpOS2NreERRbkJpYVVJd1lVZFZaMkw&st=0","icon":"https:\/\/s.dianhua.cn\/cmenu\/icons\/yulore\/5.0\/icon_kdcx.png"},{"act":{"type":"yulore\/service","action":"yulore.view","data":"https:\/\/www.dianhua.cn\/o2o\/buycar\/?apikey=6WWpOS2NreERRbkJpYVVJd1lVZFZaMkw&st=0"},"subtitle":"","id":"62686294","enabled":"1","title":"摇号查询","link":"https:\/\/www.dianhua.cn\/o2o\/buycar\/?apikey=6WWpOS2NreERRbkJpYVVJd1lVZFZaMkw&st=0","icon":"https:\/\/s.dianhua.cn\/cmenu\/icons\/yulore\/5.0\/icon_yh.png"},{"act":{"type":"yulore\/service","action":"yulore.view","data":"https:\/\/www.dianhua.cn\/o2o\/flightquery\/?apikey=6WWpOS2NreERRbkJpYVVJd1lVZFZaMkw&st=0"},"subtitle":"","id":"71881749","enabled":"1","title":"航班动态","link":"https:\/\/www.dianhua.cn\/o2o\/flightquery\/?apikey=6WWpOS2NreERRbkJpYVVJd1lVZFZaMkw&st=0","icon":"https:\/\/s.dianhua.cn\/cmenu\/icons\/yulore\/5.0\/icon_hk.png"},{"act":{"type":"yulore\/service","action":"yulore.view","data":"https:\/\/www.dianhua.cn\/o2o\/regulation\/?apikey=6WWpOS2NreERRbkJpYVVJd1lVZFZaMkw&st=0"},"subtitle":"违章查询","id":"62686297","enabled":"1","title":"违章查询","link":"https:\/\/www.dianhua.cn\/o2o\/regulation\/?apikey=6WWpOS2NreERRbkJpYVVJd1lVZFZaMkw&st=0","icon":"https:\/\/s.dianhua.cn\/cmenu\/icons\/yulore\/5.0\/icon_wzcx.png"},{"act":{"type":"yulore\/service","action":"yulore.view","data":"https:\/\/www.dianhua.cn\/o2o\/trainquery\/?apikey=6WWpOS2NreERRbkJpYVVJd1lVZFZaMkw&st=0"},"subtitle":"","id":"83644761","enabled":"1","title":"查列车时刻","link":"https:\/\/www.dianhua.cn\/o2o\/trainquery\/?apikey=6WWpOS2NreERRbkJpYVVJd1lVZFZaMkw&st=0","icon":"https:\/\/s.dianhua.cn\/cmenu\/icons\/yulore\/5.0\/icon_lcsk.png"},{"act":{"type":"yulore\/service","action":"yulore.view","data":"https:\/\/www.dianhua.cn\/o2o\/kuaidadi\/?apikey=6WWpOS2NreERRbkJpYVVJd1lVZFZaMkw&st=0"},"subtitle":"","id":"62686301","enabled":"1","title":"打车","link":"https:\/\/www.dianhua.cn\/o2o\/kuaidadi\/?apikey=6WWpOS2NreERRbkJpYVVJd1lVZFZaMkw&st=0","icon":"https:\/\/s.dianhua.cn\/cmenu\/icons\/yulore\/5.0\/icon_dc.png"}],"nearby":[{"act":{"type":"yulore\/nearlylist","action":"yulore.view","data":"yulorepage-list:city_id=2&cat_id=52&o=2&t=1"},"subtitle":"","id":"248448050","enabled":"1","title":"美食","link":"yulorepage-list:city_id=2&cat_id=52&o=2&t=1","icon":"https:\/\/s.dianhua.cn\/cmenu\/icons\/yulore\/nearby\/btn_food.png"},{"act":{"type":"yulore\/nearlylist","action":"yulore.view","data":"yulorepage-list:city_id=2&cat_id=10010&o=2&t=1"},"subtitle":"","id":"248448051","enabled":"1","title":"酒店","link":"yulorepage-list:city_id=2&cat_id=10010&o=2&t=1","icon":"https:\/\/s.dianhua.cn\/cmenu\/icons\/yulore\/nearby\/btn_hotel.png"},{"act":{"type":"yulore\/nearlylist","action":"yulore.view","data":"yulorepage-list:city_id=2&cat_id=397&o=2&t=1"},"subtitle":"","id":"248448049","enabled":"1","title":"银行","link":"yulorepage-list:city_id=2&cat_id=397&o=2&t=1","icon":"https:\/\/s.dianhua.cn\/cmenu\/icons\/yulore\/nearby\/btn_bank.png"},{"act":{"type":"yulore\/nearlylist","action":"yulore.view","data":"yulorepage-list:city_id=2&cat_id=232&o=2&t=1"},"subtitle":"","id":"248448052","enabled":"1","title":"KTV","link":"yulorepage-list:city_id=2&cat_id=232&o=2&t=1","icon":"https:\/\/s.dianhua.cn\/cmenu\/icons\/yulore\/nearby\/btn_ktv.png"},{"act":{"type":"yulore\/nearlylist","action":"yulore.view","data":"yulorepage-list:city_id=2&cat_id=233&o=2&t=1"},"subtitle":"","id":"248448053","enabled":"1","title":"电影院","link":"yulorepage-list:city_id=2&cat_id=233&o=2&t=1","icon":"https:\/\/s.dianhua.cn\/cmenu\/icons\/yulore\/nearby\/btn_movie.png"},{"act":{"type":"yulore\/nearlylist","action":"yulore.view","data":"yulorepage-list:city_id=2&cat_id=279&o=2&t=1"},"subtitle":"","id":"248448054","enabled":"1","title":"超市\/便利店","link":"yulorepage-list:city_id=2&cat_id=279&o=2&t=1","icon":"https:\/\/s.dianhua.cn\/cmenu\/icons\/yulore\/nearby\/btn_nearbymore_supermarket.png"},{"act":{"type":"yulore\/nearlylist","action":"yulore.view","data":"yulorepage-list:city_id=2&cat_id=137&o=2&t=1"},"subtitle":"","id":"248448057","enabled":"1","title":"代售点","link":"yulorepage-list:city_id=2&cat_id=137&o=2&t=1","icon":"https:\/\/s.dianhua.cn\/cmenu\/icons\/yulore\/nearby\/btn_nearbymore_ticket.png"},{"act":{"type":"yulore\/nearlylist","action":"yulore.view","data":"yulorepage-list:city_id=2&cat_id=10011&o=2&t=1"},"subtitle":"","id":"248448060","enabled":"1","title":"医院","link":"yulorepage-list:city_id=2&cat_id=10011&o=2&t=1","icon":"https:\/\/s.dianhua.cn\/cmenu\/icons\/yulore\/nearby\/btn_nearbymore_hospital.png"},{"act":{"type":"yulore\/nearlylist","action":"yulore.view","data":"yulorepage-list:city_id=2&cat_id=306&o=2&t=1"},"subtitle":"","id":"248448061","enabled":"1","title":"齿科","link":"yulorepage-list:city_id=2&cat_id=306&o=2&t=1","icon":"https:\/\/s.dianhua.cn\/cmenu\/icons\/yulore\/nearby\/btn_nearbymore_dental.png"},{"act":{"type":"yulore\/nearlylist","action":"yulore.view","data":"yulorepage-list:city_id=2&cat_id=304&o=2&t=1"},"subtitle":"","id":"248448064","enabled":"1","title":"药店","link":"yulorepage-list:city_id=2&cat_id=304&o=2&t=1","icon":"https:\/\/s.dianhua.cn\/cmenu\/icons\/yulore\/nearby\/btn_nearbymore_pharmacy.png"},{"act":{"type":"yulore\/nearlylist","action":"yulore.view","data":"yulorepage-list:city_id=2&cat_id=349&o=2&t=1"},"subtitle":"","id":"248448065","enabled":"1","title":"4S店","link":"yulorepage-list:city_id=2&cat_id=349&o=2&t=1","icon":"https:\/\/s.dianhua.cn\/cmenu\/icons\/yulore\/nearby\/btn_nearbymore_4s.png"},{"act":{"type":"yulore\/nearlylist","action":"yulore.view","data":"yulorepage-list:city_id=2&cat_id=348&o=2&t=1"},"subtitle":"","id":"248448067","enabled":"1","title":"加油站","link":"yulorepage-list:city_id=2&cat_id=348&o=2&t=1","icon":"https:\/\/s.dianhua.cn\/cmenu\/icons\/yulore\/nearby\/btn_nearbymore_gasstation.png"}],"freqsearch":["外卖","搬家","快捷酒店","快递","银行","铁路客服中心","租车"],"sig":"36b89ef98fa89fbf2ba0e41fdc95a14b71b69fb3","promotions":[{"act":{"type":"yulore\/categorylist","action":"yulore.view","data":"yulorepage-list:cat_id=10016&o=0"},"os":"all","subtitle":"","id":"248448073","enabled":"1","title":"高考","link_type":"0","link":"yulorepage-list:cat_id=10016&o=0","icon":"https:\/\/s.dianhua.cn\/cmenu\/icons\/yulore\/banner\/banner_gaokao1.png"}]}